<?xml version="1.0" encoding="UTF-8" standalone="yes"?>
<ONIXMessage xmlns="http://ns.editeur.org/onix/3.0/reference" xmlns:xsi="http://www.w3.org/2001/XMLSchema-instance" xsi:schemaLocation="http://ns.editeur.org/onix/3.0/reference ONIX_BookProduct_3.0_reference.xsd">
    <Header>
        <Sender>
            <SenderName></SenderName>
        </Sender>
        <SentDateTime></SentDateTime>
        <DefaultPriceType></DefaultPriceType>
        <DefaultCurrencyCode></DefaultCurrencyCode>
    </Header>
    <Product>
        <RecordReference></RecordReference>
        <NotificationType></NotificationType>
        <ProductIdentifier>
            <ProductIDType></ProductIDType>
            <IDValue></IDValue>
        </ProductIdentifier>
        <DescriptiveDetail>
            <ProductComposition></ProductComposition>
            <ProductForm></ProductForm>
            <Collection>
                <CollectionType><![CDATA[10]]></CollectionType>
                <TitleDetail>
                    <TitleType></TitleType>
                    <TitleElement>
                        <TitleElementLevel></TitleElementLevel>
                        <PartNumber></PartNumber>
                        <TitleText></TitleText>
                    </TitleElement>
                </TitleDetail>
            </Collection>
            <TitleDetail>
                <TitleType></TitleType>
                <TitleElement>
                    <TitleElementLevel></TitleElementLevel>
                    <TitleText><![CDATA[Grondrechten binnen de Europese interne markt: een tragikomisch conflict tussen waarden in de ‘Domus Europaea’]]></TitleText>
                    <Subtitle></Subtitle>
                </TitleElement>
            </TitleDetail>
            <Contributor>
                <SequenceNumber><![CDATA[1]]></SequenceNumber>
                <ContributorRole><![CDATA[A01]]></ContributorRole>
                <PersonName><![CDATA[Vries, S.A. de]]></PersonName>
            </Contributor>
            <EditionNumber></EditionNumber>
            <Extent>
                <ExtentType></ExtentType>
                <ExtentValue></ExtentValue>
                <ExtentUnit></ExtentUnit>
            </Extent>
            <Subject>
                <SubjectSchemeIdentifier><![CDATA[23]]></SubjectSchemeIdentifier>
                <SubjectCode></SubjectCode>
                <SubjectHeadingText></SubjectHeadingText>
            </Subject>
        </DescriptiveDetail>
        <CollateralDetail>
            <TextContent>
                <TextType></TextType>
                <ContentAudience></ContentAudience>
                <Text textformat="2">In de Europese Unie stond en staat nog grotendeels de instelling van een interne markt, waarin goederen, personen, diensten en kapitaal zich vrij moeten kunnen bewegen, centraal. Door het expansieve karakter van Europese interne marktregels worden vrijwel alle terreinen van het economisch en sociaal leven in de 28 lidstaten van de Unie door deze regels bestreken. Het marktintegratieproces in Europa wordt verder beïnvloed door maatschappelijke en technologische ontwikkelingen, zoals digitalisering, ontwikkelingen op het terrein van het internet of biotechnologische ontwikkelingen. Tegelijkertijd raken deze juridische, maatschappelijke en technologische ontwikkelingen het algemeen belang, ethische kwesties en grondrechten van individuele burgers. Gedacht kan worden aan het recht op privacy en bescherming van persoonsgegevens, het recht op bescherming van intellectuele eigendom, de vrijheid van meningsuiting of het recht op sociale bescherming. De ontwikkelingen in het Europese recht roepen daarom vragen op over de verhouding tussen marktintegratie enerzijds en de bescherming van grondrechten anderzijds: grondrechten die traditioneel in het nationale recht en in het recht van internationale organisaties (zoals de Raad van Europa) zijn neergelegd, maar ook en vooral sinds het Verdrag van Lissabon met het bindende Handvest van de Grondrechten een aparte plaats hebben gekregen in het Unierecht. Behalve dat de Europese interne marktregels grenzen stellen aan de bescherming van deze grondrechten op nationaal niveau, bieden de regels juist ook kansen om grondrechten binnen de Europese Unie beter te waarborgen en legitimiteit van het Europese integratieproces te vergroten.</Text>
            </TextContent>
        </CollateralDetail>
        <PublishingDetail>
            <Publisher>
                <PublishingRole><![CDATA[01]]></PublishingRole>
                <PublisherName><![CDATA[Paris]]></PublisherName>
            </Publisher>
            <CityOfPublication></CityOfPublication>
            <PublishingStatus></PublishingStatus>
            <PublishingDate>
                <PublishingDateRole><![CDATA[01]]></PublishingDateRole>
                <Date dateformat="0"><![CDATA[16-03-2016]]></Date>
            </PublishingDate>
            <PublishingDate>
                <PublishingDateRole><![CDATA[01]]></PublishingDateRole>
                <Date dateformat="5"><![CDATA[2016]]></Date>
            </PublishingDate>
        </PublishingDetail>
        <RelatedMaterial>
            <RelatedProduct>
                <ProductRelationCode><![CDATA[13]]></ProductRelationCode>
                <ProductIdentifier>
                    <ProductIDType><![CDATA[15]]></ProductIDType>
                    <IDValue><![CDATA[9789462511019]]></IDValue>
                </ProductIdentifier>
            </RelatedProduct>
        </RelatedMaterial>
        <ProductSupply>
            <SupplyDetail>
                <Supplier>
                    <SupplierRole></SupplierRole>
                    <SupplierName></SupplierName>
                </Supplier>
                <ProductAvailability></ProductAvailability>
                <Price>
                    <PriceType></PriceType>
                    <PriceAmount><![CDATA[20.18]]></PriceAmount>
                    <CurrencyCode></CurrencyCode>
                </Price>
            </SupplyDetail>
        </ProductSupply>
    </Product>
</ONIXMessage>
