<?xml version="1.0" encoding="UTF-8" standalone="yes"?>
<ONIXMessage xmlns="http://ns.editeur.org/onix/3.0/reference" xmlns:xsi="http://www.w3.org/2001/XMLSchema-instance" xsi:schemaLocation="http://ns.editeur.org/onix/3.0/reference ONIX_BookProduct_3.0_reference.xsd">
    <Header>
        <Sender>
            <SenderName></SenderName>
        </Sender>
        <SentDateTime></SentDateTime>
        <DefaultPriceType></DefaultPriceType>
        <DefaultCurrencyCode></DefaultCurrencyCode>
    </Header>
    <Product>
        <RecordReference></RecordReference>
        <NotificationType></NotificationType>
        <ProductIdentifier>
            <ProductIDType></ProductIDType>
            <IDValue></IDValue>
        </ProductIdentifier>
        <DescriptiveDetail>
            <ProductComposition></ProductComposition>
            <ProductForm></ProductForm>
            <Collection>
                <CollectionType><![CDATA[10]]></CollectionType>
                <TitleDetail>
                    <TitleType></TitleType>
                    <TitleElement>
                        <TitleElementLevel></TitleElementLevel>
                        <PartNumber><![CDATA[13]]></PartNumber>
                        <TitleText><![CDATA[ACIS-Serie]]></TitleText>
                    </TitleElement>
                </TitleDetail>
            </Collection>
            <TitleDetail>
                <TitleType></TitleType>
                <TitleElement>
                    <TitleElementLevel></TitleElementLevel>
                    <TitleText><![CDATA[De juridische aspecten van het Klachteninstituut Financiële Dienstverlening (Kifid) anno 2015]]></TitleText>
                    <Subtitle></Subtitle>
                </TitleElement>
            </TitleDetail>
            <Contributor>
                <SequenceNumber><![CDATA[1]]></SequenceNumber>
                <ContributorRole><![CDATA[A01]]></ContributorRole>
                <PersonName><![CDATA[Hellegers, D.P.C.M. ]]></PersonName>
            </Contributor>
            <EditionNumber></EditionNumber>
            <Extent>
                <ExtentType></ExtentType>
                <ExtentValue></ExtentValue>
                <ExtentUnit></ExtentUnit>
            </Extent>
            <Subject>
                <SubjectSchemeIdentifier><![CDATA[23]]></SubjectSchemeIdentifier>
                <SubjectCode></SubjectCode>
                <SubjectHeadingText></SubjectHeadingText>
            </Subject>
        </DescriptiveDetail>
        <CollateralDetail>
            <TextContent>
                <TextType></TextType>
                <ContentAudience></ContentAudience>
                <Text textformat="2">Dit proefschrift gaat over de juridische aspecten van Kifid. De centrale vraag in dit boek is hoe Kifid functioneert in het licht van de meest belangrijke juridische randvoorwaarden zoals vastgelegd in wetgeving, rechtspraak en doctrine. Om deze vraag te beantwoorden wordt er allereerst aandacht besteed aan de ontstaansgeschiedenis van Kifid en zijn organisatie. Bezien wordt hoe Kifid is ingericht en functioneert binnen het kader van de Wft, het BGfo, de Implementatiewet buitengerechtelijke geschillenbeslechting consumenten en relevante Europese verordeningen, richtlijnen en aanbevelingen. Voorts worden de rechtsverhoudingen tussen de verschillende actoren die betrokken zijn bij Kifid tegen het licht gehouden en juridisch gekwalificeerd. Daarbij kan onder meer worden gedacht aan de rechtsverhouding tussen de organen van Kifid onderling, maar ook aan de rechtsverhouding tussen de (proces)partijen, Kifid en de daaraan verbonden bindend adviseurs. In dat kader bevat het boek onder meer beschouwingen over de diensten van Kifid in het licht van afdeling 2a en 3 van Boek 6 BW en de leerstukken  'vaststellingsovereenkomst' en  'opdracht'.</Text>
            </TextContent>
        </CollateralDetail>
        <PublishingDetail>
            <Publisher>
                <PublishingRole><![CDATA[01]]></PublishingRole>
                <PublisherName><![CDATA[Paris]]></PublisherName>
            </Publisher>
            <CityOfPublication></CityOfPublication>
            <PublishingStatus></PublishingStatus>
            <PublishingDate>
                <PublishingDateRole><![CDATA[01]]></PublishingDateRole>
                <Date dateformat="0"><![CDATA[27-11-2015]]></Date>
            </PublishingDate>
            <PublishingDate>
                <PublishingDateRole><![CDATA[01]]></PublishingDateRole>
                <Date dateformat="5"><![CDATA[2015]]></Date>
            </PublishingDate>
        </PublishingDetail>
        <RelatedMaterial>
            <RelatedProduct>
                <ProductRelationCode><![CDATA[13]]></ProductRelationCode>
                <ProductIdentifier>
                    <ProductIDType><![CDATA[15]]></ProductIDType>
                    <IDValue><![CDATA[9789462510920]]></IDValue>
                </ProductIdentifier>
            </RelatedProduct>
        </RelatedMaterial>
        <ProductSupply>
            <SupplyDetail>
                <Supplier>
                    <SupplierRole></SupplierRole>
                    <SupplierName></SupplierName>
                </Supplier>
                <ProductAvailability></ProductAvailability>
                <Price>
                    <PriceType></PriceType>
                    <PriceAmount><![CDATA[52.75]]></PriceAmount>
                    <CurrencyCode></CurrencyCode>
                </Price>
            </SupplyDetail>
        </ProductSupply>
    </Product>
</ONIXMessage>
