<?xml version="1.0" encoding="UTF-8" standalone="yes"?>
<ONIXMessage xmlns="http://ns.editeur.org/onix/3.0/reference" xmlns:xsi="http://www.w3.org/2001/XMLSchema-instance" xsi:schemaLocation="http://ns.editeur.org/onix/3.0/reference ONIX_BookProduct_3.0_reference.xsd">
    <Header>
        <Sender>
            <SenderName></SenderName>
        </Sender>
        <SentDateTime></SentDateTime>
        <DefaultPriceType></DefaultPriceType>
        <DefaultCurrencyCode></DefaultCurrencyCode>
    </Header>
    <Product>
        <RecordReference></RecordReference>
        <NotificationType></NotificationType>
        <ProductIdentifier>
            <ProductIDType></ProductIDType>
            <IDValue></IDValue>
        </ProductIdentifier>
        <DescriptiveDetail>
            <ProductComposition></ProductComposition>
            <ProductForm></ProductForm>
            <Collection>
                <CollectionType><![CDATA[10]]></CollectionType>
                <TitleDetail>
                    <TitleType></TitleType>
                    <TitleElement>
                        <TitleElementLevel></TitleElementLevel>
                        <PartNumber></PartNumber>
                        <TitleText></TitleText>
                    </TitleElement>
                </TitleDetail>
            </Collection>
            <TitleDetail>
                <TitleType></TitleType>
                <TitleElement>
                    <TitleElementLevel></TitleElementLevel>
                    <TitleText><![CDATA[Bestraffende sancties in het strafrecht en het bestuursrecht]]></TitleText>
                    <Subtitle></Subtitle>
                </TitleElement>
            </TitleDetail>
            <Contributor>
                <SequenceNumber><![CDATA[1]]></SequenceNumber>
                <ContributorRole><![CDATA[A01]]></ContributorRole>
                <PersonName><![CDATA[Bröring, H.E.]]></PersonName>
            </Contributor>
            <Contributor>
                <SequenceNumber><![CDATA[2]]></SequenceNumber>
                <ContributorRole><![CDATA[A01]]></ContributorRole>
                <PersonName><![CDATA[B.F. Keulen, B.F.]]></PersonName>
            </Contributor>
            <EditionNumber></EditionNumber>
            <Extent>
                <ExtentType></ExtentType>
                <ExtentValue></ExtentValue>
                <ExtentUnit></ExtentUnit>
            </Extent>
            <Subject>
                <SubjectSchemeIdentifier><![CDATA[23]]></SubjectSchemeIdentifier>
                <SubjectCode><![CDATA[Strafrecht en strafprocesrecht]]></SubjectCode>
                <SubjectHeadingText><![CDATA[Strafrecht en strafprocesrecht]]></SubjectHeadingText>
            </Subject>
        </DescriptiveDetail>
        <CollateralDetail>
            <TextContent>
                <TextType></TextType>
                <ContentAudience></ContentAudience>
                <Text textformat="2">Bestuursrecht en strafrecht spelen beide bij de handhaving van rechtsregels een belangrijke rol. De verhouding tussen beide rechtsgebieden blijft daarbij onverminderd de aandacht vragen. Tegen deze achtergrond heeft de Directie Rechtshandhaving en Criminaliteitsbestrijding van het Ministerie van Veiligheid en Justitie ons uitgenodigd het onderhavige onderzoek uit te voeren. Uit de offerteaanvraag blijkt dat de opdrachtgever een betrekkelijk fundamenteel onderzoek voor ogen heeft: 'Het betreft een onderzoek naar de punitieve handhaving in het algemeen. Het onderzoek dient de handhavingsopgave van de overheid centraal te stellen en te onderzoeken (A) welke mogelijkheden er zijn voor de inrichting van de handhaving in het algemeen en (B) op basis van welke principes/criteria de handhaving kan worden ingericht.' Uit het vervolg van de offerteaanvraag wordt duidelijk waar de directe relevantie van het onderzoek voor het beleid in ligt. Het door ons te verrichten onderzoek diende (onder meer) rekening te houden met '(h)et advies dat de Raad van State naar verwachting op korte termijn uitbrengt over de bestuursrechtelijke en strafrechtelijke handhaving.' Het was daarbij niet noodzakelijk dat wij met een gezamenlijk onderzoek zouden komen. Een verschil in benadering en het doordenken van de consequenties daarvan zou ook (en misschien wel juist) meerwaarde kunnen hebben voor de discussie waar dit onderzoek een rol bij zou kunnen spelen. Tegen deze achtergrond is het onderhavige onderzoek uitgevoerd. Wij hebben elk een afzonderlijk stuk geschreven, met een eigen invalshoek, dat een bijdrage vormt aan een discussie waar velen eerder een bijdrage aan leverden. Een discussie die met het inmiddels verschenen ongevraagd advies van de Afdeling advisering van de Raad van State een nieuwe impuls heeft gekregen.</Text>
            </TextContent>
        </CollateralDetail>
        <PublishingDetail>
            <Publisher>
                <PublishingRole><![CDATA[01]]></PublishingRole>
                <PublisherName><![CDATA[Paris]]></PublisherName>
            </Publisher>
            <CityOfPublication></CityOfPublication>
            <PublishingStatus></PublishingStatus>
            <PublishingDate>
                <PublishingDateRole><![CDATA[01]]></PublishingDateRole>
                <Date dateformat="0"><![CDATA[28-02-2017]]></Date>
            </PublishingDate>
            <PublishingDate>
                <PublishingDateRole><![CDATA[01]]></PublishingDateRole>
                <Date dateformat="5"><![CDATA[2017]]></Date>
            </PublishingDate>
        </PublishingDetail>
        <RelatedMaterial>
            <RelatedProduct>
                <ProductRelationCode><![CDATA[13]]></ProductRelationCode>
                <ProductIdentifier>
                    <ProductIDType><![CDATA[15]]></ProductIDType>
                    <IDValue><![CDATA[9789462511248]]></IDValue>
                </ProductIdentifier>
            </RelatedProduct>
        </RelatedMaterial>
        <ProductSupply>
            <SupplyDetail>
                <Supplier>
                    <SupplierRole></SupplierRole>
                    <SupplierName></SupplierName>
                </Supplier>
                <ProductAvailability></ProductAvailability>
                <Price>
                    <PriceType></PriceType>
                    <PriceAmount><![CDATA[30.28]]></PriceAmount>
                    <CurrencyCode></CurrencyCode>
                </Price>
            </SupplyDetail>
        </ProductSupply>
    </Product>
</ONIXMessage>
