<?xml version="1.0" encoding="UTF-8" standalone="yes"?>
<ONIXMessage xmlns="http://ns.editeur.org/onix/3.0/reference" xmlns:xsi="http://www.w3.org/2001/XMLSchema-instance" xsi:schemaLocation="http://ns.editeur.org/onix/3.0/reference ONIX_BookProduct_3.0_reference.xsd">
    <Header>
        <Sender>
            <SenderName></SenderName>
        </Sender>
        <SentDateTime></SentDateTime>
        <DefaultPriceType></DefaultPriceType>
        <DefaultCurrencyCode></DefaultCurrencyCode>
    </Header>
    <Product>
        <RecordReference></RecordReference>
        <NotificationType></NotificationType>
        <ProductIdentifier>
            <ProductIDType></ProductIDType>
            <IDValue></IDValue>
        </ProductIdentifier>
        <DescriptiveDetail>
            <ProductComposition></ProductComposition>
            <ProductForm></ProductForm>
            <Collection>
                <CollectionType><![CDATA[10]]></CollectionType>
                <TitleDetail>
                    <TitleType></TitleType>
                    <TitleElement>
                        <TitleElementLevel></TitleElementLevel>
                        <PartNumber><![CDATA[10]]></PartNumber>
                        <TitleText><![CDATA[Thema's Arbeid & Recht]]></TitleText>
                    </TitleElement>
                </TitleDetail>
            </Collection>
            <TitleDetail>
                <TitleType></TitleType>
                <TitleElement>
                    <TitleElementLevel></TitleElementLevel>
                    <TitleText><![CDATA[Van arbeidsovereenkomst naar arbeidsverhouding]]></TitleText>
                    <Subtitle></Subtitle>
                </TitleElement>
            </TitleDetail>
            <Contributor>
                <SequenceNumber><![CDATA[1]]></SequenceNumber>
                <ContributorRole><![CDATA[A01]]></ContributorRole>
                <PersonName><![CDATA[Drongelen, J. van ]]></PersonName>
            </Contributor>
            <Contributor>
                <SequenceNumber><![CDATA[2]]></SequenceNumber>
                <ContributorRole><![CDATA[A01]]></ContributorRole>
                <PersonName><![CDATA[ Drongelen, A.]]></PersonName>
            </Contributor>
            <EditionNumber></EditionNumber>
            <Extent>
                <ExtentType></ExtentType>
                <ExtentValue></ExtentValue>
                <ExtentUnit></ExtentUnit>
            </Extent>
            <Subject>
                <SubjectSchemeIdentifier><![CDATA[23]]></SubjectSchemeIdentifier>
                <SubjectCode><![CDATA[Arbeids- en sociale zekerheidsrecht]]></SubjectCode>
                <SubjectHeadingText><![CDATA[Arbeids- en sociale zekerheidsrecht]]></SubjectHeadingText>
            </Subject>
        </DescriptiveDetail>
        <CollateralDetail>
            <TextContent>
                <TextType></TextType>
                <ContentAudience></ContentAudience>
                <Text textformat="2">De omschrijving van de arbeidsovereenkomst is sinds de invoering van de Wet op de arbeidsovereenkomst in 1909 nauwelijks gewijzigd. De arbeidsovereenkomst is de grondslag van het arbeidsrecht en biedt de werknemers de meeste bescherming, maar die beschermingsgedachte wordt door werkgevers steeds meer als knellend ervaren. Om die reden hebben zij steeds vaker en steeds meer hun heil gezocht in de zogenoemde  'flexibele arbeidsrelaties' en kiezen werkgevers er steeds vaker voor hun relatie met werknemers op basis van een arbeidsovereenkomst om te zetten in een relatie met een zelfstandige zonder personeel op basis van de overeenkomst van opdracht of aanneming van werk. De scheidslijn tussen een werknemer en een zelfstandige zonder personeel kan soms zo dun zijn dat er sprake is van wat wordt genoemd een schijnconstructie. Het grootschalig gebruik van flexibele arbeidsrelaties en van schijnzelfstandigen wordt maatschappelijk en economisch ongewenst gevonden, ook door de wetgever, wat leidt tot een almaar ingewikkeld wordend arbeidsrecht. Voldoende reden om na te gaan of de omschrijving van de arbeidsovereenkomst moet worden aangepast aan de ingrijpende veranderingen in de arbeidsverhoudingen en de samenleving met als oogmerk dat het arbeidsrecht en de handhaving ervan, al dan niet door de overheid, eenvoudiger wordt en de beschermingsgedachte die aan de (aard van de) arbeidsovereenkomst is gekoppeld toch blijft gehandhaafd. Mevr. mr. A. (Amber) van Drongelen is sinds 1 oktober 2016 als juriste werkzaam bij SRK rechtsbijstand te Zoetermeer. Mr. dr. J. (Harry) van Drongelen is universitair hoofddocent bij de vakgroep sociaal recht en sociale politiek van de Universiteit van Tilburg.</Text>
            </TextContent>
        </CollateralDetail>
        <PublishingDetail>
            <Publisher>
                <PublishingRole><![CDATA[01]]></PublishingRole>
                <PublisherName><![CDATA[Paris]]></PublisherName>
            </Publisher>
            <CityOfPublication></CityOfPublication>
            <PublishingStatus></PublishingStatus>
            <PublishingDate>
                <PublishingDateRole><![CDATA[01]]></PublishingDateRole>
                <Date dateformat="0"><![CDATA[28-11-2016]]></Date>
            </PublishingDate>
            <PublishingDate>
                <PublishingDateRole><![CDATA[01]]></PublishingDateRole>
                <Date dateformat="5"><![CDATA[2016]]></Date>
            </PublishingDate>
        </PublishingDetail>
        <RelatedMaterial>
            <RelatedProduct>
                <ProductRelationCode><![CDATA[13]]></ProductRelationCode>
                <ProductIdentifier>
                    <ProductIDType><![CDATA[15]]></ProductIDType>
                    <IDValue><![CDATA[9789462511200]]></IDValue>
                </ProductIdentifier>
            </RelatedProduct>
        </RelatedMaterial>
        <ProductSupply>
            <SupplyDetail>
                <Supplier>
                    <SupplierRole></SupplierRole>
                    <SupplierName></SupplierName>
                </Supplier>
                <ProductAvailability></ProductAvailability>
                <Price>
                    <PriceType></PriceType>
                    <PriceAmount><![CDATA[20.18]]></PriceAmount>
                    <CurrencyCode></CurrencyCode>
                </Price>
            </SupplyDetail>
        </ProductSupply>
    </Product>
</ONIXMessage>
