<?xml version="1.0" encoding="UTF-8" standalone="yes"?>
<ONIXMessage xmlns="http://ns.editeur.org/onix/3.0/reference" xmlns:xsi="http://www.w3.org/2001/XMLSchema-instance" xsi:schemaLocation="http://ns.editeur.org/onix/3.0/reference ONIX_BookProduct_3.0_reference.xsd">
    <Header>
        <Sender>
            <SenderName></SenderName>
        </Sender>
        <SentDateTime></SentDateTime>
        <DefaultPriceType></DefaultPriceType>
        <DefaultCurrencyCode></DefaultCurrencyCode>
    </Header>
    <Product>
        <RecordReference></RecordReference>
        <NotificationType></NotificationType>
        <ProductIdentifier>
            <ProductIDType></ProductIDType>
            <IDValue></IDValue>
        </ProductIdentifier>
        <DescriptiveDetail>
            <ProductComposition></ProductComposition>
            <ProductForm></ProductForm>
            <Collection>
                <CollectionType><![CDATA[10]]></CollectionType>
                <TitleDetail>
                    <TitleType></TitleType>
                    <TitleElement>
                        <TitleElementLevel></TitleElementLevel>
                        <PartNumber><![CDATA[15]]></PartNumber>
                        <TitleText><![CDATA[Financieel Juridische Reeks]]></TitleText>
                    </TitleElement>
                </TitleDetail>
            </Collection>
            <TitleDetail>
                <TitleType></TitleType>
                <TitleElement>
                    <TitleElementLevel></TitleElementLevel>
                    <TitleText><![CDATA[Betaaldiensten 2.0]]></TitleText>
                    <Subtitle></Subtitle>
                </TitleElement>
            </TitleDetail>
            <Contributor>
                <SequenceNumber><![CDATA[1]]></SequenceNumber>
                <ContributorRole><![CDATA[A01]]></ContributorRole>
                <PersonName><![CDATA[Voerman, J.A.]]></PersonName>
            </Contributor>
            <EditionNumber><![CDATA[1]]></EditionNumber>
            <Extent>
                <ExtentType></ExtentType>
                <ExtentValue></ExtentValue>
                <ExtentUnit></ExtentUnit>
            </Extent>
            <Subject>
                <SubjectSchemeIdentifier><![CDATA[23]]></SubjectSchemeIdentifier>
                <SubjectCode><![CDATA[Financieel recht]]></SubjectCode>
                <SubjectHeadingText><![CDATA[Financieel recht]]></SubjectHeadingText>
            </Subject>
        </DescriptiveDetail>
        <CollateralDetail>
            <TextContent>
                <TextType></TextType>
                <ContentAudience></ContentAudience>
                <Text textformat="2">Betalen is al lang niet meer het uitsluitende domein van banken. Het huidige betaallandschap kenmerkt zich door een variëteit aan betaaldienstverleners en betaaldiensten. Met de introductie van de Europese Richtlijn betaaldiensten (PSD) is een vergunningplicht voor niet-bancaire betaaldienstverleners geïntroduceerd. Nadien zijn er nieuwe innovatieve betaaldiensten ontstaan, waaronder betaalinitiatie- en rekeninginformatiediensten. Met de herziene Richtlijn betaaldiensten (PSD2) zijn ook deze diensten onder toezicht gebracht. Dit boek gaat over niet-bancaire betaaldienstverleners en de nieuwe betaaldiensten die overigens ook door banken kunnen worden aangeboden. Het biedt een overzicht van het betaallandschap en de nieuwe betaalvormen, met ook aandacht voor mobiel betalen, elektronisch geld en virtuele valuta. De door PSD2 gereguleerde (nieuwe) betaaldiensten worden nader belicht en ook is er aandacht voor de vergunningplicht van betaaldienstverleners en de doorlopende toezichteisen. Daarnaast staat het thema Access to the Account centraal. Op grond van PSD2 moeten aanbieders van online betaalrekeningen verplicht toegang bieden tot aanbieders van betaalinitiatie- en rekeninginformatiediensten zonder dat zij voor die toegang een overeenkomst mogen verlangen. De keerzijde daarvan is dat de aanbieders van deze nieuwe diensten een vergunning nodig hebben. Het boek geeft een overzicht van de belangrijkste (nieuwe) publiekrechtelijke en civielrechtelijke regels die van toepassing zijn op (aanbieders van) innovatieve betaaldiensten. Het beoogt een gids voor de praktijk te zijn, niet alleen voor betaaldienstverleners, maar ook bijvoorbeeld voor (juridische) adviseurs van ondernemingen die in het betaallandschap actief zijn of willen worden.</Text>
            </TextContent>
        </CollateralDetail>
        <PublishingDetail>
            <Publisher>
                <PublishingRole><![CDATA[01]]></PublishingRole>
                <PublisherName><![CDATA[Paris]]></PublisherName>
            </Publisher>
            <CityOfPublication></CityOfPublication>
            <PublishingStatus></PublishingStatus>
            <PublishingDate>
                <PublishingDateRole><![CDATA[01]]></PublishingDateRole>
                <Date dateformat="0"><![CDATA[19-09-2019]]></Date>
            </PublishingDate>
            <PublishingDate>
                <PublishingDateRole><![CDATA[01]]></PublishingDateRole>
                <Date dateformat="5"><![CDATA[2019]]></Date>
            </PublishingDate>
        </PublishingDetail>
        <RelatedMaterial>
            <RelatedProduct>
                <ProductRelationCode><![CDATA[13]]></ProductRelationCode>
                <ProductIdentifier>
                    <ProductIDType><![CDATA[15]]></ProductIDType>
                    <IDValue><![CDATA[9789462512054]]></IDValue>
                </ProductIdentifier>
            </RelatedProduct>
        </RelatedMaterial>
        <ProductSupply>
            <SupplyDetail>
                <Supplier>
                    <SupplierRole></SupplierRole>
                    <SupplierName></SupplierName>
                </Supplier>
                <ProductAvailability></ProductAvailability>
                <Price>
                    <PriceType></PriceType>
                    <PriceAmount><![CDATA[46.79]]></PriceAmount>
                    <CurrencyCode></CurrencyCode>
                </Price>
            </SupplyDetail>
        </ProductSupply>
    </Product>
</ONIXMessage>
