<?xml version="1.0" encoding="UTF-8" standalone="yes"?>
<ONIXMessage xmlns="http://ns.editeur.org/onix/3.0/reference" xmlns:xsi="http://www.w3.org/2001/XMLSchema-instance" xsi:schemaLocation="http://ns.editeur.org/onix/3.0/reference ONIX_BookProduct_3.0_reference.xsd">
    <Header>
        <Sender>
            <SenderName></SenderName>
        </Sender>
        <SentDateTime></SentDateTime>
        <DefaultPriceType></DefaultPriceType>
        <DefaultCurrencyCode></DefaultCurrencyCode>
    </Header>
    <Product>
        <RecordReference></RecordReference>
        <NotificationType></NotificationType>
        <ProductIdentifier>
            <ProductIDType></ProductIDType>
            <IDValue></IDValue>
        </ProductIdentifier>
        <DescriptiveDetail>
            <ProductComposition></ProductComposition>
            <ProductForm></ProductForm>
            <Collection>
                <CollectionType><![CDATA[10]]></CollectionType>
                <TitleDetail>
                    <TitleType></TitleType>
                    <TitleElement>
                        <TitleElementLevel></TitleElementLevel>
                        <PartNumber></PartNumber>
                        <TitleText></TitleText>
                    </TitleElement>
                </TitleDetail>
            </Collection>
            <TitleDetail>
                <TitleType></TitleType>
                <TitleElement>
                    <TitleElementLevel></TitleElementLevel>
                    <TitleText><![CDATA[Bij wijze van afscheid]]></TitleText>
                    <Subtitle></Subtitle>
                </TitleElement>
            </TitleDetail>
            <Contributor>
                <SequenceNumber><![CDATA[1]]></SequenceNumber>
                <ContributorRole><![CDATA[A01]]></ContributorRole>
                <PersonName><![CDATA[Drongelen, J. van]]></PersonName>
            </Contributor>
            <EditionNumber></EditionNumber>
            <Extent>
                <ExtentType></ExtentType>
                <ExtentValue></ExtentValue>
                <ExtentUnit></ExtentUnit>
            </Extent>
            <Subject>
                <SubjectSchemeIdentifier><![CDATA[23]]></SubjectSchemeIdentifier>
                <SubjectCode><![CDATA[Arbeids- en sociale zekerheidsrecht]]></SubjectCode>
                <SubjectHeadingText><![CDATA[Arbeids- en sociale zekerheidsrecht]]></SubjectHeadingText>
            </Subject>
        </DescriptiveDetail>
        <CollateralDetail>
            <TextContent>
                <TextType></TextType>
                <ContentAudience></ContentAudience>
                <Text textformat="2">Ideeën over wetgeving veranderen in de loop der tijd en in de jaren zeventig en tachtig van de vorige eeuw komt het verschijnsel dereguleren op. In een reeks beleidsnota’s en actieprogramma’s wordt gewerkt aan wat wordt genoemd wetgevingskwaliteitsbeleid, met het oogmerk wetgeving te realiseren die de overheid beter zal ondersteunen. Dat maakt dat degenen die beroepshalve met wetgeving bezig zijn – opstellen, uitvoeren, interpreteren, toepassen en handhaven – wetgeving in eerste instantie zien als hulpmiddel voor het bestuur. Of de burger daaraan iets heeft, is minder van belang. Dat maakt dat wetgeving tegenwoordig niets meer of minder is dan een beleidsinstrument, dat wordt ingezet om een doel te bereiken. Bij wetgevingskwaliteitsbeleid staat de legitimiteit van de wetgeving centraal. De discussies zijn verstomd en de prioriteit bij de ‘ambtelijke wetgevers’ ligt niet meer bij de kwaliteit van de wetgeving. Bij wetgevingskwaliteit gaat het om de kwaliteit van de wetgeving, de normstelling zelf en de argumentatie en redeneringen die de wetgever in dat kader als motivering en verduidelijking geeft. Dit boek laat zien wat er de afgelopen tien tot vijftien jaar allemaal is misgegaan bij de arbeidswetgeving en dat het behoorlijk schort aan de kwaliteit van die wetgeving. Ook blijkt dat het niet gaat om een incident, maar dat er structureel iets mis is met die kwaliteit van de wetgeving en wel dusdanig dat de vraag is gerechtvaardigd naar waar het recht is gebleven in het arbeidsrecht.</Text>
            </TextContent>
        </CollateralDetail>
        <PublishingDetail>
            <Publisher>
                <PublishingRole><![CDATA[01]]></PublishingRole>
                <PublisherName><![CDATA[Paris]]></PublisherName>
            </Publisher>
            <CityOfPublication></CityOfPublication>
            <PublishingStatus></PublishingStatus>
            <PublishingDate>
                <PublishingDateRole><![CDATA[01]]></PublishingDateRole>
                <Date dateformat="0"><![CDATA[07-09-2018]]></Date>
            </PublishingDate>
            <PublishingDate>
                <PublishingDateRole><![CDATA[01]]></PublishingDateRole>
                <Date dateformat="5"><![CDATA[2018]]></Date>
            </PublishingDate>
        </PublishingDetail>
        <RelatedMaterial>
            <RelatedProduct>
                <ProductRelationCode><![CDATA[13]]></ProductRelationCode>
                <ProductIdentifier>
                    <ProductIDType><![CDATA[15]]></ProductIDType>
                    <IDValue><![CDATA[9789462511903]]></IDValue>
                </ProductIdentifier>
            </RelatedProduct>
        </RelatedMaterial>
        <ProductSupply>
            <SupplyDetail>
                <Supplier>
                    <SupplierRole></SupplierRole>
                    <SupplierName></SupplierName>
                </Supplier>
                <ProductAvailability></ProductAvailability>
                <Price>
                    <PriceType></PriceType>
                    <PriceAmount><![CDATA[15.14]]></PriceAmount>
                    <CurrencyCode></CurrencyCode>
                </Price>
            </SupplyDetail>
        </ProductSupply>
    </Product>
</ONIXMessage>
