<?xml version="1.0" encoding="UTF-8" standalone="yes"?>
<ONIXMessage xmlns="http://ns.editeur.org/onix/3.0/reference" xmlns:xsi="http://www.w3.org/2001/XMLSchema-instance" xsi:schemaLocation="http://ns.editeur.org/onix/3.0/reference ONIX_BookProduct_3.0_reference.xsd">
    <Header>
        <Sender>
            <SenderName></SenderName>
        </Sender>
        <SentDateTime></SentDateTime>
        <DefaultPriceType></DefaultPriceType>
        <DefaultCurrencyCode></DefaultCurrencyCode>
    </Header>
    <Product>
        <RecordReference></RecordReference>
        <NotificationType></NotificationType>
        <ProductIdentifier>
            <ProductIDType></ProductIDType>
            <IDValue></IDValue>
        </ProductIdentifier>
        <DescriptiveDetail>
            <ProductComposition></ProductComposition>
            <ProductForm></ProductForm>
            <Collection>
                <CollectionType><![CDATA[10]]></CollectionType>
                <TitleDetail>
                    <TitleType></TitleType>
                    <TitleElement>
                        <TitleElementLevel></TitleElementLevel>
                        <PartNumber><![CDATA[9]]></PartNumber>
                        <TitleText><![CDATA[Thema's Arbeid & Recht]]></TitleText>
                    </TitleElement>
                </TitleDetail>
            </Collection>
            <TitleDetail>
                <TitleType></TitleType>
                <TitleElement>
                    <TitleElementLevel></TitleElementLevel>
                    <TitleText><![CDATA[Klokkenluiders]]></TitleText>
                    <Subtitle></Subtitle>
                </TitleElement>
            </TitleDetail>
            <Contributor>
                <SequenceNumber><![CDATA[1]]></SequenceNumber>
                <ContributorRole><![CDATA[A01]]></ContributorRole>
                <PersonName><![CDATA[Vankan, F.T.M.]]></PersonName>
            </Contributor>
            <EditionNumber></EditionNumber>
            <Extent>
                <ExtentType></ExtentType>
                <ExtentValue></ExtentValue>
                <ExtentUnit></ExtentUnit>
            </Extent>
            <Subject>
                <SubjectSchemeIdentifier><![CDATA[23]]></SubjectSchemeIdentifier>
                <SubjectCode><![CDATA[Arbeids- en sociale zekerheidsrecht]]></SubjectCode>
                <SubjectHeadingText><![CDATA[Arbeids- en sociale zekerheidsrecht]]></SubjectHeadingText>
            </Subject>
        </DescriptiveDetail>
        <CollateralDetail>
            <TextContent>
                <TextType></TextType>
                <ContentAudience></ContentAudience>
                <Text textformat="2">Klokkenluiderskwesties kenmerken zich door een spanningsveld tussen de vrijheid van meningsuiting van werknemers en de op hen rustende geheimhoudingsplicht. De lotgevallen van bekende klokkenluiders zoals Ad Bos en Fred Spijkers hebben ertoe geleid dat werknemers eerder zijn geneigd hun mond te houden in plaats van  'de klok te luiden'. Met het aan het licht brengen van ernstige misstanden zijn echter grote maatschappelijke belangen gediend. De rechtsbescherming van klokkenluiders in de private sector is al jarenlang veelvuldig onderwerp van discussie, zowel in juridische vakliteratuur als in de politiek. Tot op heden kent het Nederlandse arbeidsrecht geen specifieke wetgeving om dergelijke werknemers te beschermen. Wel zijn er algemene normen zoals het goed werknemerschap van art. 7:611 BW die bescherming kunnen bieden. De afgelopen jaren zijn verschillende initiatieven genomen inzake de rechtspositie van klokkenluiders en hun arbeidsrechtelijke bescherming. Het Wetsvoorstel Huis voor klokkenluiders is hier een recent voorbeeld van. Dit deel van de reeks Arbeid & Recht biedt inzicht in de rechtsbescherming van klokkenluiders in de private sector. Zo komen de vrijheid van meningsuiting, de geheimhoudingsplicht, de rechtspraak, de huidige wijze van bescherming en de noodzaak tot het invoeren van een wettelijke regeling en het Wetsvoorstel Huis voor klokkenluiders aan bod. Ter afsluiting volgen conclusies en aanbevelingen. Dit boek is niet alleen een praktisch naslagwerk voor juristen, maar ook voor iedereen die met klokkenluiden te maken heeft (gehad) of krijgt. Mevr. mr. F.T.M. Vankan is werkzaam als Young Legal Professional bij Eiffel.</Text>
            </TextContent>
        </CollateralDetail>
        <PublishingDetail>
            <Publisher>
                <PublishingRole><![CDATA[01]]></PublishingRole>
                <PublisherName><![CDATA[Paris]]></PublisherName>
            </Publisher>
            <CityOfPublication></CityOfPublication>
            <PublishingStatus></PublishingStatus>
            <PublishingDate>
                <PublishingDateRole><![CDATA[01]]></PublishingDateRole>
                <Date dateformat="0"><![CDATA[23-02-2015]]></Date>
            </PublishingDate>
            <PublishingDate>
                <PublishingDateRole><![CDATA[01]]></PublishingDateRole>
                <Date dateformat="5"><![CDATA[2015]]></Date>
            </PublishingDate>
        </PublishingDetail>
        <RelatedMaterial>
            <RelatedProduct>
                <ProductRelationCode><![CDATA[13]]></ProductRelationCode>
                <ProductIdentifier>
                    <ProductIDType><![CDATA[15]]></ProductIDType>
                    <IDValue><![CDATA[9789462510678]]></IDValue>
                </ProductIdentifier>
            </RelatedProduct>
        </RelatedMaterial>
        <ProductSupply>
            <SupplyDetail>
                <Supplier>
                    <SupplierRole></SupplierRole>
                    <SupplierName></SupplierName>
                </Supplier>
                <ProductAvailability></ProductAvailability>
                <Price>
                    <PriceType></PriceType>
                    <PriceAmount><![CDATA[26.61]]></PriceAmount>
                    <CurrencyCode></CurrencyCode>
                </Price>
            </SupplyDetail>
        </ProductSupply>
    </Product>
</ONIXMessage>
