<?xml version="1.0" encoding="UTF-8" standalone="yes"?>
<ONIXMessage xmlns="http://ns.editeur.org/onix/3.0/reference" xmlns:xsi="http://www.w3.org/2001/XMLSchema-instance" xsi:schemaLocation="http://ns.editeur.org/onix/3.0/reference ONIX_BookProduct_3.0_reference.xsd">
    <Header>
        <Sender>
            <SenderName></SenderName>
        </Sender>
        <SentDateTime></SentDateTime>
        <DefaultPriceType></DefaultPriceType>
        <DefaultCurrencyCode></DefaultCurrencyCode>
    </Header>
    <Product>
        <RecordReference></RecordReference>
        <NotificationType></NotificationType>
        <ProductIdentifier>
            <ProductIDType></ProductIDType>
            <IDValue></IDValue>
        </ProductIdentifier>
        <DescriptiveDetail>
            <ProductComposition></ProductComposition>
            <ProductForm></ProductForm>
            <Collection>
                <CollectionType><![CDATA[10]]></CollectionType>
                <TitleDetail>
                    <TitleType></TitleType>
                    <TitleElement>
                        <TitleElementLevel></TitleElementLevel>
                        <PartNumber></PartNumber>
                        <TitleText></TitleText>
                    </TitleElement>
                </TitleDetail>
            </Collection>
            <TitleDetail>
                <TitleType></TitleType>
                <TitleElement>
                    <TitleElementLevel></TitleElementLevel>
                    <TitleText><![CDATA[Levenslang]]></TitleText>
                    <Subtitle></Subtitle>
                </TitleElement>
            </TitleDetail>
            <Contributor>
                <SequenceNumber><![CDATA[1]]></SequenceNumber>
                <ContributorRole><![CDATA[A01]]></ContributorRole>
                <PersonName><![CDATA[Hattum, W.F. van]]></PersonName>
            </Contributor>
            <Contributor>
                <SequenceNumber><![CDATA[2]]></SequenceNumber>
                <ContributorRole><![CDATA[A01]]></ContributorRole>
                <PersonName><![CDATA[Brouwer, C.]]></PersonName>
            </Contributor>
            <Contributor>
                <SequenceNumber><![CDATA[3]]></SequenceNumber>
                <ContributorRole><![CDATA[A01]]></ContributorRole>
                <PersonName><![CDATA[Smilde, M.J.]]></PersonName>
            </Contributor>
            <Contributor>
                <SequenceNumber><![CDATA[4]]></SequenceNumber>
                <ContributorRole><![CDATA[A01]]></ContributorRole>
                <PersonName><![CDATA[Waldeck, K.J.J.]]></PersonName>
            </Contributor>
            <EditionNumber></EditionNumber>
            <Extent>
                <ExtentType></ExtentType>
                <ExtentValue></ExtentValue>
                <ExtentUnit></ExtentUnit>
            </Extent>
            <Subject>
                <SubjectSchemeIdentifier><![CDATA[23]]></SubjectSchemeIdentifier>
                <SubjectCode><![CDATA[Strafrecht en strafprocesrecht]]></SubjectCode>
                <SubjectHeadingText><![CDATA[Strafrecht en strafprocesrecht]]></SubjectHeadingText>
            </Subject>
        </DescriptiveDetail>
        <CollateralDetail>
            <TextContent>
                <TextType></TextType>
                <ContentAudience></ContentAudience>
                <Text textformat="2">Sinds 1982 zijn in Nederland 38 verdachten tot een levenslange gevangenisstraf veroordeeld. 28 van hen zitten deze straf sinds 2000 uit. Hun aantal is veel groter dan voorheen. Ten opzichte van het gemiddelde aantal opleggingen in de gehele vorige eeuw is zelfs sprake van een verviervoudiging. Ook de duur van de levenslange gevangenisstraf is gestegen. Niet doordat de veroordeelden gemiddeld langer leven, maar omdat sedert omstreeks 2004 de regering het standpunt innam dat een levenslange gevangenisstraf ook werkelijk tot de dood diende te duren en niet, zoals vroeger, tot zolang dat uit oogpunt van veiligheid noodzakelijk was met een minimum van 10 of 15 jaar. Deze beide ontwikkelingen (en rekening houdend met overlijden en overname van vonnissen uit het buitenland) brengen de teller van het aantal levenslanggestraften in Nederlandse penitentiaire inrichtingen op 36. Daarnaast zijn op dit moment 10 verdachten in afwachting van het definitieve oordeel in hun strafzaak. Als hun straffen onherroepelijk worden, stijgt het aantal levenslanggestraften naar het ongekend hoge aantal van 46. De gemiddelde leeftijd van de huidige levenslanggestraften is 52 jaar. Hun straf kan dus nog lang duren. Wat is hun perspectief, wat zegt het Europees Hof hierover, wat is humaan – ook in relatie tot wat humaan is voor slachtoffers en nabestaanden –, welke zorg wordt de levenslanggestrafte geboden en is dat voldoende? Deze bundel met bijdragen aan het op 6 april 2018 aan de Rijksuniversiteit Groningen gehouden Symposium Levenslang probeert op deze vragen antwoord te geven.</Text>
            </TextContent>
        </CollateralDetail>
        <PublishingDetail>
            <Publisher>
                <PublishingRole><![CDATA[01]]></PublishingRole>
                <PublisherName><![CDATA[Paris]]></PublisherName>
            </Publisher>
            <CityOfPublication></CityOfPublication>
            <PublishingStatus></PublishingStatus>
            <PublishingDate>
                <PublishingDateRole><![CDATA[01]]></PublishingDateRole>
                <Date dateformat="0"><![CDATA[22-01-2018]]></Date>
            </PublishingDate>
            <PublishingDate>
                <PublishingDateRole><![CDATA[01]]></PublishingDateRole>
                <Date dateformat="5"><![CDATA[2019]]></Date>
            </PublishingDate>
        </PublishingDetail>
        <RelatedMaterial>
            <RelatedProduct>
                <ProductRelationCode><![CDATA[13]]></ProductRelationCode>
                <ProductIdentifier>
                    <ProductIDType><![CDATA[15]]></ProductIDType>
                    <IDValue><![CDATA[9789462511972]]></IDValue>
                </ProductIdentifier>
            </RelatedProduct>
        </RelatedMaterial>
        <ProductSupply>
            <SupplyDetail>
                <Supplier>
                    <SupplierRole></SupplierRole>
                    <SupplierName></SupplierName>
                </Supplier>
                <ProductAvailability></ProductAvailability>
                <Price>
                    <PriceType></PriceType>
                    <PriceAmount><![CDATA[22.94]]></PriceAmount>
                    <CurrencyCode></CurrencyCode>
                </Price>
            </SupplyDetail>
        </ProductSupply>
    </Product>
</ONIXMessage>
