<?xml version="1.0" encoding="UTF-8" standalone="yes"?>
<ONIXMessage xmlns="http://ns.editeur.org/onix/3.0/reference" xmlns:xsi="http://www.w3.org/2001/XMLSchema-instance" xsi:schemaLocation="http://ns.editeur.org/onix/3.0/reference ONIX_BookProduct_3.0_reference.xsd">
    <Header>
        <Sender>
            <SenderName></SenderName>
        </Sender>
        <SentDateTime></SentDateTime>
        <DefaultPriceType></DefaultPriceType>
        <DefaultCurrencyCode></DefaultCurrencyCode>
    </Header>
    <Product>
        <RecordReference></RecordReference>
        <NotificationType></NotificationType>
        <ProductIdentifier>
            <ProductIDType></ProductIDType>
            <IDValue></IDValue>
        </ProductIdentifier>
        <DescriptiveDetail>
            <ProductComposition></ProductComposition>
            <ProductForm></ProductForm>
            <Collection>
                <CollectionType><![CDATA[10]]></CollectionType>
                <TitleDetail>
                    <TitleType></TitleType>
                    <TitleElement>
                        <TitleElementLevel></TitleElementLevel>
                        <PartNumber><![CDATA[11]]></PartNumber>
                        <TitleText><![CDATA[Financieel Juridische Reeks]]></TitleText>
                    </TitleElement>
                </TitleDetail>
            </Collection>
            <TitleDetail>
                <TitleType></TitleType>
                <TitleElement>
                    <TitleElementLevel></TitleElementLevel>
                    <TitleText><![CDATA[Grensoverschrijdende insolventie]]></TitleText>
                    <Subtitle></Subtitle>
                </TitleElement>
            </TitleDetail>
            <Contributor>
                <SequenceNumber><![CDATA[1]]></SequenceNumber>
                <ContributorRole><![CDATA[A01]]></ContributorRole>
                <PersonName><![CDATA[Berends, A.J.]]></PersonName>
            </Contributor>
            <EditionNumber></EditionNumber>
            <Extent>
                <ExtentType></ExtentType>
                <ExtentValue></ExtentValue>
                <ExtentUnit></ExtentUnit>
            </Extent>
            <Subject>
                <SubjectSchemeIdentifier><![CDATA[23]]></SubjectSchemeIdentifier>
                <SubjectCode><![CDATA[Ondernemingsrecht]]></SubjectCode>
                <SubjectHeadingText><![CDATA[Ondernemingsrecht]]></SubjectHeadingText>
            </Subject>
        </DescriptiveDetail>
        <CollateralDetail>
            <TextContent>
                <TextType></TextType>
                <ContentAudience></ContentAudience>
                <Text textformat="2">Het aantal insolventieprocedures met internationale aspecten groeit alleen maar. Daarbij rijzen veel juridische vragen. Welke rechter is bevoegd? Welk recht is van toepassing, bijvoorbeeld op de bevoegdheden van de curator in een ander land, de verdeling van de boedel, zakelijke rechten, verrekening, eigendomsvoorbehoud, opzegging van overeenkomsten, de actio pauliana? In dit boek gaat de auteur in op deze en veel andere vragen. Voor intra-EU gevallen is op 26 juni 2017 de herziene Insolventieverordening in werking getreden. In deze nieuwe Verordening is veel jurisprudentie van het Hof van Justitie van de Europese Unie gecodificeerd. Daarnaast zijn enkele nieuwe onderwerpen geregeld, in het bijzonder met betrekking tot insolventie van groepen en de zogeheten synthetische procedure. Voor verhoudingen met landen die geen lid zijn van de Europese Unie stelt elke lidstaat zijn eigen regels op. In Nederland is het recht op dit punt in grote mate ontwikkeld door de Hoge Raad met recente jurisprudentie. Daarnaast hebben de Verenigde Naties een Modelwet geschreven, bij wijze van aanbeveling aan Staten over de gehele wereld om deze wet in hun eigen nationale regels op te nemen. Een aantal Staten, waaronder de Verenigde Staten, heeft dat gedaan. Dit is de tweede druk van dit boek. Alle drie de onderwerpen worden behandeld: de herziene EU-Verordening, de jurisprudentie van de Hoge Raad voor verhoudingen met derde landen en de VN-Modelwet. Mr. dr. A.J. Berends was destijds namens Nederland betrokken bij de onderhandelingen die hebben geleid tot de oorspronkelijke Insolventieverordening, alsook bij de onderhandelingen die hebben geleid tot de Modelwet van de Verenigde Naties. In 2005 is hij gepromoveerd op grensoverschrijdend insolventierecht (cum laude).</Text>
            </TextContent>
        </CollateralDetail>
        <PublishingDetail>
            <Publisher>
                <PublishingRole><![CDATA[01]]></PublishingRole>
                <PublisherName><![CDATA[Paris]]></PublisherName>
            </Publisher>
            <CityOfPublication></CityOfPublication>
            <PublishingStatus></PublishingStatus>
            <PublishingDate>
                <PublishingDateRole><![CDATA[01]]></PublishingDateRole>
                <Date dateformat="0"><![CDATA[07-11-2017]]></Date>
            </PublishingDate>
            <PublishingDate>
                <PublishingDateRole><![CDATA[01]]></PublishingDateRole>
                <Date dateformat="5"><![CDATA[2017]]></Date>
            </PublishingDate>
        </PublishingDetail>
        <RelatedMaterial>
            <RelatedProduct>
                <ProductRelationCode><![CDATA[13]]></ProductRelationCode>
                <ProductIdentifier>
                    <ProductIDType><![CDATA[15]]></ProductIDType>
                    <IDValue><![CDATA[9789462511415]]></IDValue>
                </ProductIdentifier>
            </RelatedProduct>
        </RelatedMaterial>
        <ProductSupply>
            <SupplyDetail>
                <Supplier>
                    <SupplierRole></SupplierRole>
                    <SupplierName></SupplierName>
                </Supplier>
                <ProductAvailability></ProductAvailability>
                <Price>
                    <PriceType></PriceType>
                    <PriceAmount><![CDATA[55.5]]></PriceAmount>
                    <CurrencyCode></CurrencyCode>
                </Price>
            </SupplyDetail>
        </ProductSupply>
    </Product>
</ONIXMessage>
