<?xml version="1.0" encoding="UTF-8" standalone="yes"?>
<ONIXMessage xmlns="http://ns.editeur.org/onix/3.0/reference" xmlns:xsi="http://www.w3.org/2001/XMLSchema-instance" xsi:schemaLocation="http://ns.editeur.org/onix/3.0/reference ONIX_BookProduct_3.0_reference.xsd">
    <Header>
        <Sender>
            <SenderName></SenderName>
        </Sender>
        <SentDateTime></SentDateTime>
        <DefaultPriceType></DefaultPriceType>
        <DefaultCurrencyCode></DefaultCurrencyCode>
    </Header>
    <Product>
        <RecordReference></RecordReference>
        <NotificationType></NotificationType>
        <ProductIdentifier>
            <ProductIDType></ProductIDType>
            <IDValue></IDValue>
        </ProductIdentifier>
        <DescriptiveDetail>
            <ProductComposition></ProductComposition>
            <ProductForm></ProductForm>
            <Collection>
                <CollectionType><![CDATA[10]]></CollectionType>
                <TitleDetail>
                    <TitleType></TitleType>
                    <TitleElement>
                        <TitleElementLevel></TitleElementLevel>
                        <PartNumber><![CDATA[7]]></PartNumber>
                        <TitleText><![CDATA[ACIS-Serie]]></TitleText>
                    </TitleElement>
                </TitleDetail>
            </Collection>
            <TitleDetail>
                <TitleType></TitleType>
                <TitleElement>
                    <TitleElementLevel></TitleElementLevel>
                    <TitleText><![CDATA[De verzekeringstussenpersoon en de gevolmachtigd agent]]></TitleText>
                    <Subtitle></Subtitle>
                </TitleElement>
            </TitleDetail>
            <Contributor>
                <SequenceNumber><![CDATA[1]]></SequenceNumber>
                <ContributorRole><![CDATA[A01]]></ContributorRole>
                <PersonName><![CDATA[Jong, C.J. de]]></PersonName>
            </Contributor>
            <EditionNumber></EditionNumber>
            <Extent>
                <ExtentType></ExtentType>
                <ExtentValue></ExtentValue>
                <ExtentUnit></ExtentUnit>
            </Extent>
            <Subject>
                <SubjectSchemeIdentifier><![CDATA[23]]></SubjectSchemeIdentifier>
                <SubjectCode></SubjectCode>
                <SubjectHeadingText></SubjectHeadingText>
            </Subject>
        </DescriptiveDetail>
        <CollateralDetail>
            <TextContent>
                <TextType></TextType>
                <ContentAudience></ContentAudience>
                <Text textformat="2">Dit boek is de handelseditie van het proefschrift met de titel: De privaatrechtelijke en publiekrechtelijke positie van de verzekeringstussenpersoon en de gevolmachtigde agent, hun rol in het financiële dienstverleningsproces en de voor hen geldende gedragsnormen, waarop de auteur op 2 september 2011 promoveerde aan de Open Universiteit. Verzekeringstussenpersonen hebben een ontwikkelingsgang doorgemaakt. Aanvankelijk waren zij handelsagenten, die voor hun principaal verzekeringen aan de man brachten. Slaagden zij erin om een verzekering te sluiten, dan ontvingen zij van de verzekeraar provisie – een transactieafhankelijke en volumegerelateerde beloning. Thans acteert een verzekeringstussenpersoon als opdrachtnemer van zijn klant en wordt hij in veel gevallen voor zijn dienstverlening rechtstreeks beloond door de klant. Dit in tegenstelling tot een gevolmachtigd agent, die handelt namens de verzekeraar en door deze in de vorm van tekencommissie wordt beloond voor de aan hem uitbestede werkzaamheden. Voor verzekeringstussenpersonen en gevolmachtigd agenten geldt sinds 1 januari 2006 een toezicht-regime. Met name voor eerstgenoemde categorie van financiëledienstverleners betekent dit dat zij sindsdien met een tsunami van nieuwe wet- en regelgeving zijn geconfronteerd. Voor gevolmachtigd agenten heeft de wetgever nieuwe, ingrijpende voorschriften in petto. De privaatrechtelijke en publiekrechtelijke positie van verzekeringstussenpersonen en gevolmachtigd agenten vormde voor De Jong het vertrekpunt voor een heldere beschrijving van hun rol in het financiëledienstverleningsproces en de daarbij in acht te nemen publiekrechtelijke regels. Volgens de auteur is een deel van deze regels overbodig, omdat het privaatrecht adequate regels bevat.</Text>
            </TextContent>
        </CollateralDetail>
        <PublishingDetail>
            <Publisher>
                <PublishingRole><![CDATA[01]]></PublishingRole>
                <PublisherName><![CDATA[Paris]]></PublisherName>
            </Publisher>
            <CityOfPublication></CityOfPublication>
            <PublishingStatus></PublishingStatus>
            <PublishingDate>
                <PublishingDateRole><![CDATA[01]]></PublishingDateRole>
                <Date dateformat="0"><![CDATA[09-11-2011]]></Date>
            </PublishingDate>
            <PublishingDate>
                <PublishingDateRole><![CDATA[01]]></PublishingDateRole>
                <Date dateformat="5"><![CDATA[2011]]></Date>
            </PublishingDate>
        </PublishingDetail>
        <RelatedMaterial>
            <RelatedProduct>
                <ProductRelationCode><![CDATA[13]]></ProductRelationCode>
                <ProductIdentifier>
                    <ProductIDType><![CDATA[15]]></ProductIDType>
                    <IDValue><![CDATA[9789490962319]]></IDValue>
                </ProductIdentifier>
            </RelatedProduct>
        </RelatedMaterial>
        <ProductSupply>
            <SupplyDetail>
                <Supplier>
                    <SupplierRole></SupplierRole>
                    <SupplierName></SupplierName>
                </Supplier>
                <ProductAvailability></ProductAvailability>
                <Price>
                    <PriceType></PriceType>
                    <PriceAmount><![CDATA[45.41]]></PriceAmount>
                    <CurrencyCode></CurrencyCode>
                </Price>
            </SupplyDetail>
        </ProductSupply>
    </Product>
</ONIXMessage>
