<?xml version="1.0" encoding="UTF-8" standalone="yes"?>
<ONIXMessage xmlns="http://ns.editeur.org/onix/3.0/reference" xmlns:xsi="http://www.w3.org/2001/XMLSchema-instance" xsi:schemaLocation="http://ns.editeur.org/onix/3.0/reference ONIX_BookProduct_3.0_reference.xsd">
    <Header>
        <Sender>
            <SenderName></SenderName>
        </Sender>
        <SentDateTime></SentDateTime>
        <DefaultPriceType></DefaultPriceType>
        <DefaultCurrencyCode></DefaultCurrencyCode>
    </Header>
    <Product>
        <RecordReference></RecordReference>
        <NotificationType></NotificationType>
        <ProductIdentifier>
            <ProductIDType></ProductIDType>
            <IDValue></IDValue>
        </ProductIdentifier>
        <DescriptiveDetail>
            <ProductComposition></ProductComposition>
            <ProductForm></ProductForm>
            <Collection>
                <CollectionType><![CDATA[10]]></CollectionType>
                <TitleDetail>
                    <TitleType></TitleType>
                    <TitleElement>
                        <TitleElementLevel></TitleElementLevel>
                        <PartNumber><![CDATA[22]]></PartNumber>
                        <TitleText><![CDATA[NTHR-Reeks]]></TitleText>
                    </TitleElement>
                </TitleDetail>
            </Collection>
            <TitleDetail>
                <TitleType></TitleType>
                <TitleElement>
                    <TitleElementLevel></TitleElementLevel>
                    <TitleText><![CDATA[Eigen gebrek in het transportverzekeringsrecht]]></TitleText>
                    <Subtitle></Subtitle>
                </TitleElement>
            </TitleDetail>
            <Contributor>
                <SequenceNumber><![CDATA[1]]></SequenceNumber>
                <ContributorRole><![CDATA[A01]]></ContributorRole>
                <PersonName><![CDATA[Brouwer, H.M.B.]]></PersonName>
            </Contributor>
            <EditionNumber></EditionNumber>
            <Extent>
                <ExtentType></ExtentType>
                <ExtentValue></ExtentValue>
                <ExtentUnit></ExtentUnit>
            </Extent>
            <Subject>
                <SubjectSchemeIdentifier><![CDATA[23]]></SubjectSchemeIdentifier>
                <SubjectCode><![CDATA[Privaatrecht]]></SubjectCode>
                <SubjectHeadingText><![CDATA[Privaatrecht]]></SubjectHeadingText>
            </Subject>
        </DescriptiveDetail>
        <CollateralDetail>
            <TextContent>
                <TextType></TextType>
                <ContentAudience></ContentAudience>
                <Text textformat="2">Sinaasappelen die rot aankomen op de plaats van bestemming, lederen handschoenen die beschimmeld blijken, tabak die waardeloos is geworden maar ook een lekkende container en een gat in de romp van een schip. Sprekende voorbeelden van casus waarbij mogelijkerwijs een eigen gebrek de schade heeft veroorzaakt. De uitleg van het leerstuk eigen gebrek in het transportverzekeringsrecht staat centraal in dit boek. Een belangrijk onderwerp dat aan bod komt, is hoe eigen gebrek wordt uitgelegd en vastgesteld in het transportverzekeringsrecht. Wat zijn de criteria die men hanteert om te bepalen of de ontstane schade haar oorzaak vindt in een eigen gebrek van de verzekerde zaak? Welke criteria worden gebruikt om te bepalen of een oorzaak is te herleiden tot een eigen gebrek van het vervoermiddel? Welke rol spelen algemene beginselen als het onzekerheidsvereiste en causaliteit bij de uitleg van eigen gebrek? Deze algemene beginselen bepalen in grote mate het perspectief van waaruit de uitleg van het leerstuk eigen gebrek in het transportverzekeringsrecht kan worden beschouwd. Zij nemen een prominente plaats in dit boek in. Gezien de nauwe verbondenheid met het transportverzekeringsrecht komt ook eigen gebrek in het vervoerrecht aan bod. Harmke Brouwer (1974) studeerde met onderscheiding af aan het Koninklijk Conservatorium Brussel en studeerde tevens af in de Muziekwetenschap aan de Universiteit Utrecht. Gedurende haar loopbaan als harpiste en musicologe studeerde ze aan de Faculteit der Rechtsgeleerdheid van de Universiteit van Amsterdam. Zij deed met goed gevolg haar doctoraal examen Nederlands recht, leerpad Privaatrecht en internationale handel. Daarna heeft zij onder meer gewerkt als Professional Support Lawyer en als docent en onderzoeker aan de UvA. Momenteel is zij werkzaam als Secretaris Geschillencommissie Kifid.</Text>
            </TextContent>
        </CollateralDetail>
        <PublishingDetail>
            <Publisher>
                <PublishingRole><![CDATA[01]]></PublishingRole>
                <PublisherName><![CDATA[Paris]]></PublisherName>
            </Publisher>
            <CityOfPublication></CityOfPublication>
            <PublishingStatus></PublishingStatus>
            <PublishingDate>
                <PublishingDateRole><![CDATA[01]]></PublishingDateRole>
                <Date dateformat="0"><![CDATA[23-11-2017]]></Date>
            </PublishingDate>
            <PublishingDate>
                <PublishingDateRole><![CDATA[01]]></PublishingDateRole>
                <Date dateformat="5"><![CDATA[2017]]></Date>
            </PublishingDate>
        </PublishingDetail>
        <RelatedMaterial>
            <RelatedProduct>
                <ProductRelationCode><![CDATA[13]]></ProductRelationCode>
                <ProductIdentifier>
                    <ProductIDType><![CDATA[15]]></ProductIDType>
                    <IDValue><![CDATA[9789462511545]]></IDValue>
                </ProductIdentifier>
            </RelatedProduct>
        </RelatedMaterial>
        <ProductSupply>
            <SupplyDetail>
                <Supplier>
                    <SupplierRole></SupplierRole>
                    <SupplierName></SupplierName>
                </Supplier>
                <ProductAvailability></ProductAvailability>
                <Price>
                    <PriceType></PriceType>
                    <PriceAmount><![CDATA[45.41]]></PriceAmount>
                    <CurrencyCode></CurrencyCode>
                </Price>
            </SupplyDetail>
        </ProductSupply>
    </Product>
</ONIXMessage>
