<?xml version="1.0" encoding="UTF-8" standalone="yes"?>
<ONIXMessage xmlns="http://ns.editeur.org/onix/3.0/reference" xmlns:xsi="http://www.w3.org/2001/XMLSchema-instance" xsi:schemaLocation="http://ns.editeur.org/onix/3.0/reference ONIX_BookProduct_3.0_reference.xsd">
    <Header>
        <Sender>
            <SenderName></SenderName>
        </Sender>
        <SentDateTime></SentDateTime>
        <DefaultPriceType></DefaultPriceType>
        <DefaultCurrencyCode></DefaultCurrencyCode>
    </Header>
    <Product>
        <RecordReference></RecordReference>
        <NotificationType></NotificationType>
        <ProductIdentifier>
            <ProductIDType></ProductIDType>
            <IDValue></IDValue>
        </ProductIdentifier>
        <DescriptiveDetail>
            <ProductComposition></ProductComposition>
            <ProductForm></ProductForm>
            <Collection>
                <CollectionType><![CDATA[10]]></CollectionType>
                <TitleDetail>
                    <TitleType></TitleType>
                    <TitleElement>
                        <TitleElementLevel></TitleElementLevel>
                        <PartNumber></PartNumber>
                        <TitleText></TitleText>
                    </TitleElement>
                </TitleDetail>
            </Collection>
            <TitleDetail>
                <TitleType></TitleType>
                <TitleElement>
                    <TitleElementLevel></TitleElementLevel>
                    <TitleText><![CDATA[Ondernemingsrecht voor fiscalisten]]></TitleText>
                    <Subtitle></Subtitle>
                </TitleElement>
            </TitleDetail>
            <Contributor>
                <SequenceNumber><![CDATA[1]]></SequenceNumber>
                <ContributorRole><![CDATA[A01]]></ContributorRole>
                <PersonName><![CDATA[Schwartz, C.A. (red.)]]></PersonName>
            </Contributor>
            <Contributor>
                <SequenceNumber><![CDATA[2]]></SequenceNumber>
                <ContributorRole><![CDATA[A01]]></ContributorRole>
                <PersonName><![CDATA[Zaman, D.F.M.M. (red.)]]></PersonName>
            </Contributor>
            <EditionNumber><![CDATA[1]]></EditionNumber>
            <Extent>
                <ExtentType></ExtentType>
                <ExtentValue></ExtentValue>
                <ExtentUnit></ExtentUnit>
            </Extent>
            <Subject>
                <SubjectSchemeIdentifier><![CDATA[23]]></SubjectSchemeIdentifier>
                <SubjectCode><![CDATA[Ondernemingsrecht]]></SubjectCode>
                <SubjectHeadingText><![CDATA[Ondernemingsrecht]]></SubjectHeadingText>
            </Subject>
        </DescriptiveDetail>
        <CollateralDetail>
            <TextContent>
                <TextType></TextType>
                <ContentAudience></ContentAudience>
                <Text textformat="2">Het ondernemingsrecht is een belangrijke discipline voor de fiscalist en overigens is ook het omgekeerde waar. Bij de training van fiscalisten op het terrein van het ondernemingsrecht ontbrak een deugdelijk en op de fiscale praktijk toegesneden studieboek. Dit boek beoogt in deze leemte te voorzien. De materie wordt op maat en met oog voor de ondernemingsrechtelijke problemen die een belangrijke rol spelen in de fiscale adviespraktijk gepresenteerd. Bij veel thema’s wordt, waar nodig, ook kort en bondig het fiscaal perspectief geschetst. Er is uitgebreid aandacht voor personenvennootschappen, de inrichting van de NV en de BV, kapitaal- en vermogensbescherming, de verdeling van de macht in de organisatie, vertegenwoordiging en de aansprakelijkheid van bestuurders en toezichthouders, maar aan de orde komt bijvoorbeeld ook of men afspraken beter vastlegt in statuten of in een aandeelhoudersovereenkomst. Diverse herstructureringsvormen, zoals ook de juridische fusie en de juridische splitsing, worden beschreven en uitgewerkt in voorbeelden en schema’s. Belangrijke thema’s als rechtseconomische aspecten en corporate governance worden getackeld, waarbij steeds de laatste inzichten in literatuur en rechtspraak aan de orde komen. Ook worden nieuwe wetgevingsinitiatieven kort belicht en is er ruim aandacht voor het concernrecht. In dat kader spelen thema’s als centrale leiding en de aansprakelijkheidspositie van bestuurders van dochtermaatschappijen een belangrijke rol, vooral met het oog op het uitgangspunt van centrale leiding als kenmerk van de groep. Het boek sluit af met een heldere beschrijving van het Europese ondernemingsrecht. De combinatie van ondernemingsrecht en fiscale behandeling van die thema’s maakt het boek goed bruikbaar voor de fiscalist, maar biedt ook een aantrekkelijk perspectief voor civilisten die het ondernemingsrecht met een fiscale invalshoek willen bestuderen. De auteurs zijn werkzaam in praktijk en wetenschap en combineren op speelse wijze de beide invalshoeken. Op deze wijze wordt een breed en aantrekkelijk beeld geschetst van het ondernemingsrecht in de context van de fiscale praktijk.</Text>
            </TextContent>
        </CollateralDetail>
        <PublishingDetail>
            <Publisher>
                <PublishingRole><![CDATA[01]]></PublishingRole>
                <PublisherName><![CDATA[Paris]]></PublisherName>
            </Publisher>
            <CityOfPublication></CityOfPublication>
            <PublishingStatus></PublishingStatus>
            <PublishingDate>
                <PublishingDateRole><![CDATA[01]]></PublishingDateRole>
                <Date dateformat="0"><![CDATA[23-05-2019]]></Date>
            </PublishingDate>
            <PublishingDate>
                <PublishingDateRole><![CDATA[01]]></PublishingDateRole>
                <Date dateformat="5"><![CDATA[2019]]></Date>
            </PublishingDate>
        </PublishingDetail>
        <RelatedMaterial>
            <RelatedProduct>
                <ProductRelationCode><![CDATA[13]]></ProductRelationCode>
                <ProductIdentifier>
                    <ProductIDType><![CDATA[15]]></ProductIDType>
                    <IDValue><![CDATA[9789462512016]]></IDValue>
                </ProductIdentifier>
            </RelatedProduct>
        </RelatedMaterial>
        <ProductSupply>
            <SupplyDetail>
                <Supplier>
                    <SupplierRole></SupplierRole>
                    <SupplierName></SupplierName>
                </Supplier>
                <ProductAvailability></ProductAvailability>
                <Price>
                    <PriceType></PriceType>
                    <PriceAmount><![CDATA[27.98]]></PriceAmount>
                    <CurrencyCode></CurrencyCode>
                </Price>
            </SupplyDetail>
        </ProductSupply>
    </Product>
</ONIXMessage>
