<?xml version="1.0" encoding="UTF-8" standalone="yes"?>
<ONIXMessage xmlns="http://ns.editeur.org/onix/3.0/reference" xmlns:xsi="http://www.w3.org/2001/XMLSchema-instance" xsi:schemaLocation="http://ns.editeur.org/onix/3.0/reference ONIX_BookProduct_3.0_reference.xsd">
    <Header>
        <Sender>
            <SenderName></SenderName>
        </Sender>
        <SentDateTime></SentDateTime>
        <DefaultPriceType></DefaultPriceType>
        <DefaultCurrencyCode></DefaultCurrencyCode>
    </Header>
    <Product>
        <RecordReference></RecordReference>
        <NotificationType></NotificationType>
        <ProductIdentifier>
            <ProductIDType></ProductIDType>
            <IDValue></IDValue>
        </ProductIdentifier>
        <DescriptiveDetail>
            <ProductComposition></ProductComposition>
            <ProductForm></ProductForm>
            <Collection>
                <CollectionType><![CDATA[10]]></CollectionType>
                <TitleDetail>
                    <TitleType></TitleType>
                    <TitleElement>
                        <TitleElementLevel></TitleElementLevel>
                        <PartNumber><![CDATA[5]]></PartNumber>
                        <TitleText><![CDATA[Arbeidsomstandighedenrecht]]></TitleText>
                    </TitleElement>
                </TitleDetail>
            </Collection>
            <TitleDetail>
                <TitleType></TitleType>
                <TitleElement>
                    <TitleElementLevel></TitleElementLevel>
                    <TitleText><![CDATA[Arbeidsomstandighedenrecht deel 5]]></TitleText>
                    <Subtitle></Subtitle>
                </TitleElement>
            </TitleDetail>
            <Contributor>
                <SequenceNumber><![CDATA[1]]></SequenceNumber>
                <ContributorRole><![CDATA[A01]]></ContributorRole>
                <PersonName><![CDATA[Drongelen, J. van]]></PersonName>
            </Contributor>
            <Contributor>
                <SequenceNumber><![CDATA[2]]></SequenceNumber>
                <ContributorRole><![CDATA[A01]]></ContributorRole>
                <PersonName><![CDATA[Hofsteenge]]></PersonName>
            </Contributor>
            <Contributor>
                <SequenceNumber><![CDATA[3]]></SequenceNumber>
                <ContributorRole><![CDATA[A01]]></ContributorRole>
                <PersonName><![CDATA[ J.A.]]></PersonName>
            </Contributor>
            <EditionNumber><![CDATA[5]]></EditionNumber>
            <Extent>
                <ExtentType></ExtentType>
                <ExtentValue></ExtentValue>
                <ExtentUnit></ExtentUnit>
            </Extent>
            <Subject>
                <SubjectSchemeIdentifier><![CDATA[23]]></SubjectSchemeIdentifier>
                <SubjectCode><![CDATA[Arbeids- en sociale zekerheidsrecht]]></SubjectCode>
                <SubjectHeadingText><![CDATA[Arbeids- en sociale zekerheidsrecht]]></SubjectHeadingText>
            </Subject>
        </DescriptiveDetail>
        <CollateralDetail>
            <TextContent>
                <TextType></TextType>
                <ContentAudience></ContentAudience>
                <Text textformat="2">Wat zijn de belangrijkste arboverplichtingen van werkgever en werknemers? Aan welke eisen moet de arbocatalogus voldoen? Mag de Inspectie SZW zomaar mijn bedrijf binnenstappen? De Arbowet geschetst biedt u een makkelijke toegang tot de Arbeidsomstandighedenwet (Arbowet). In de ondernemingsraad, op de werkvloer of bij het opstellen van de arbocatalogus: door de compacte en overzichtelijke weergave van de wet heeft u in elke situatie snel de juiste tekst met een heldere toelichting bij de hand.</Text>
            </TextContent>
        </CollateralDetail>
        <PublishingDetail>
            <Publisher>
                <PublishingRole><![CDATA[01]]></PublishingRole>
                <PublisherName><![CDATA[Paris]]></PublisherName>
            </Publisher>
            <CityOfPublication></CityOfPublication>
            <PublishingStatus></PublishingStatus>
            <PublishingDate>
                <PublishingDateRole><![CDATA[01]]></PublishingDateRole>
                <Date dateformat="0"><![CDATA[07-02-2019]]></Date>
            </PublishingDate>
            <PublishingDate>
                <PublishingDateRole><![CDATA[01]]></PublishingDateRole>
                <Date dateformat="5"><![CDATA[2019]]></Date>
            </PublishingDate>
        </PublishingDetail>
        <RelatedMaterial>
            <RelatedProduct>
                <ProductRelationCode><![CDATA[13]]></ProductRelationCode>
                <ProductIdentifier>
                    <ProductIDType><![CDATA[15]]></ProductIDType>
                    <IDValue><![CDATA[9789462511989]]></IDValue>
                </ProductIdentifier>
            </RelatedProduct>
        </RelatedMaterial>
        <ProductSupply>
            <SupplyDetail>
                <Supplier>
                    <SupplierRole></SupplierRole>
                    <SupplierName></SupplierName>
                </Supplier>
                <ProductAvailability></ProductAvailability>
                <Price>
                    <PriceType></PriceType>
                    <PriceAmount><![CDATA[36.24]]></PriceAmount>
                    <CurrencyCode></CurrencyCode>
                </Price>
            </SupplyDetail>
        </ProductSupply>
    </Product>
</ONIXMessage>
