<?xml version="1.0" encoding="UTF-8" standalone="yes"?>
<ONIXMessage xmlns="http://ns.editeur.org/onix/3.0/reference" xmlns:xsi="http://www.w3.org/2001/XMLSchema-instance" xsi:schemaLocation="http://ns.editeur.org/onix/3.0/reference ONIX_BookProduct_3.0_reference.xsd">
    <Header>
        <Sender>
            <SenderName></SenderName>
        </Sender>
        <SentDateTime></SentDateTime>
        <DefaultPriceType></DefaultPriceType>
        <DefaultCurrencyCode></DefaultCurrencyCode>
    </Header>
    <Product>
        <RecordReference></RecordReference>
        <NotificationType></NotificationType>
        <ProductIdentifier>
            <ProductIDType></ProductIDType>
            <IDValue></IDValue>
        </ProductIdentifier>
        <DescriptiveDetail>
            <ProductComposition></ProductComposition>
            <ProductForm></ProductForm>
            <Collection>
                <CollectionType><![CDATA[10]]></CollectionType>
                <TitleDetail>
                    <TitleType></TitleType>
                    <TitleElement>
                        <TitleElementLevel></TitleElementLevel>
                        <PartNumber></PartNumber>
                        <TitleText></TitleText>
                    </TitleElement>
                </TitleDetail>
            </Collection>
            <TitleDetail>
                <TitleType></TitleType>
                <TitleElement>
                    <TitleElementLevel></TitleElementLevel>
                    <TitleText><![CDATA[Boedelproblematiek in Suriname]]></TitleText>
                    <Subtitle></Subtitle>
                </TitleElement>
            </TitleDetail>
            <Contributor>
                <SequenceNumber><![CDATA[1]]></SequenceNumber>
                <ContributorRole><![CDATA[A01]]></ContributorRole>
                <PersonName><![CDATA[Ramautar, A.C. gehuwd Akkal]]></PersonName>
            </Contributor>
            <EditionNumber></EditionNumber>
            <Extent>
                <ExtentType></ExtentType>
                <ExtentValue></ExtentValue>
                <ExtentUnit></ExtentUnit>
            </Extent>
            <Subject>
                <SubjectSchemeIdentifier><![CDATA[23]]></SubjectSchemeIdentifier>
                <SubjectCode><![CDATA[Privaatrecht]]></SubjectCode>
                <SubjectHeadingText><![CDATA[Privaatrecht]]></SubjectHeadingText>
            </Subject>
        </DescriptiveDetail>
        <CollateralDetail>
            <TextContent>
                <TextType></TextType>
                <ContentAudience></ContentAudience>
                <Text textformat="2">In dit proefschrift worden mogelijke oplossingsvoorstellen gedaan om de voortdurende boedelproblematiek in Suriname op te lossen. In de loop der tijd zijn gronden in Suriname onder diverse titels – zoals volle en volcomen eigendom, allodiale eigendom en erfelijk bezit en eigendom – uitgegeven onder uiteenlopende voorwaarden. Een aanzienlijk deel van deze gronden behoort thans tot boedelgrond. Dit onderzoek richt zich op de oorzaken van deze boedels en wordt nagegaan op welke wijze de boedelproblematiek kan worden opgelost met de huidige (wettelijke) regels. Hierbij worden eveneens de knelpunten voor de toepassing van de huidige regels aan de orde gesteld.Kort na de afschaffing van de slavernij werd veelal één plantage door meerdere vrijgekomen slaven gekocht. Vanaf dit moment ontstond dan mede-eigendom. Na het overlijden van deze eigenaren hebben erfgenamen gedurende generatie op generatie nagelaten om deze onverdeelde boedels te doen scheiden en delen, hetgeen in de bijkans 146 jaar heeft geleid tot onverdeelde boedels, waarbij het niet vreemd is als een erfgenaam zelfs in duizendste delen aanspraak maakt op de nalatenschap. Aangezien de kiem van de boedelproblematiek in de koloniale periode is gelegd en dit probleem zich voornamelijk voordoet bij de grond die onder uiteenlopende voorwaarden in allodiale eigendom en erfelijk bezit is uitgegeven, wordt de rechtshistorie van met name deze titel op de grond uiteengezet vanaf het koloniale verleden tot heden. In dit kader wordt ook een rechtsvergelijkend onderzoek gedaan met Nederland en Curaçao.</Text>
            </TextContent>
        </CollateralDetail>
        <PublishingDetail>
            <Publisher>
                <PublishingRole><![CDATA[01]]></PublishingRole>
                <PublisherName><![CDATA[Paris]]></PublisherName>
            </Publisher>
            <CityOfPublication></CityOfPublication>
            <PublishingStatus></PublishingStatus>
            <PublishingDate>
                <PublishingDateRole><![CDATA[01]]></PublishingDateRole>
                <Date dateformat="0"><![CDATA[09-10-2015]]></Date>
            </PublishingDate>
            <PublishingDate>
                <PublishingDateRole><![CDATA[01]]></PublishingDateRole>
                <Date dateformat="5"><![CDATA[2015]]></Date>
            </PublishingDate>
        </PublishingDetail>
        <RelatedMaterial>
            <RelatedProduct>
                <ProductRelationCode><![CDATA[13]]></ProductRelationCode>
                <ProductIdentifier>
                    <ProductIDType><![CDATA[15]]></ProductIDType>
                    <IDValue><![CDATA[9789462510852]]></IDValue>
                </ProductIdentifier>
            </RelatedProduct>
        </RelatedMaterial>
        <ProductSupply>
            <SupplyDetail>
                <Supplier>
                    <SupplierRole></SupplierRole>
                    <SupplierName></SupplierName>
                </Supplier>
                <ProductAvailability></ProductAvailability>
                <Price>
                    <PriceType></PriceType>
                    <PriceAmount><![CDATA[65.14]]></PriceAmount>
                    <CurrencyCode></CurrencyCode>
                </Price>
            </SupplyDetail>
        </ProductSupply>
    </Product>
</ONIXMessage>
