<?xml version="1.0" encoding="UTF-8" standalone="yes"?>
<ONIXMessage xmlns="http://ns.editeur.org/onix/3.0/reference" xmlns:xsi="http://www.w3.org/2001/XMLSchema-instance" xsi:schemaLocation="http://ns.editeur.org/onix/3.0/reference ONIX_BookProduct_3.0_reference.xsd">
    <Header>
        <Sender>
            <SenderName></SenderName>
        </Sender>
        <SentDateTime></SentDateTime>
        <DefaultPriceType></DefaultPriceType>
        <DefaultCurrencyCode></DefaultCurrencyCode>
    </Header>
    <Product>
        <RecordReference></RecordReference>
        <NotificationType></NotificationType>
        <ProductIdentifier>
            <ProductIDType></ProductIDType>
            <IDValue></IDValue>
        </ProductIdentifier>
        <DescriptiveDetail>
            <ProductComposition></ProductComposition>
            <ProductForm></ProductForm>
            <Collection>
                <CollectionType><![CDATA[10]]></CollectionType>
                <TitleDetail>
                    <TitleType></TitleType>
                    <TitleElement>
                        <TitleElementLevel></TitleElementLevel>
                        <PartNumber></PartNumber>
                        <TitleText></TitleText>
                    </TitleElement>
                </TitleDetail>
            </Collection>
            <TitleDetail>
                <TitleType></TitleType>
                <TitleElement>
                    <TitleElementLevel></TitleElementLevel>
                    <TitleText><![CDATA[Handboek Stichting en Vereniging - Derde herziene druk]]></TitleText>
                    <Subtitle></Subtitle>
                </TitleElement>
            </TitleDetail>
            <Contributor>
                <SequenceNumber><![CDATA[1]]></SequenceNumber>
                <ContributorRole><![CDATA[A01]]></ContributorRole>
                <PersonName><![CDATA[Hamers, J.J.A. (red.)]]></PersonName>
            </Contributor>
            <Contributor>
                <SequenceNumber><![CDATA[2]]></SequenceNumber>
                <ContributorRole><![CDATA[A01]]></ContributorRole>
                <PersonName><![CDATA[Schwarz, C.A. (red.)]]></PersonName>
            </Contributor>
            <Contributor>
                <SequenceNumber><![CDATA[3]]></SequenceNumber>
                <ContributorRole><![CDATA[A01]]></ContributorRole>
                <PersonName><![CDATA[ Zaman, D.F.M.M. (red.)]]></PersonName>
            </Contributor>
            <EditionNumber></EditionNumber>
            <Extent>
                <ExtentType></ExtentType>
                <ExtentValue></ExtentValue>
                <ExtentUnit></ExtentUnit>
            </Extent>
            <Subject>
                <SubjectSchemeIdentifier><![CDATA[23]]></SubjectSchemeIdentifier>
                <SubjectCode><![CDATA[Ondernemingsrecht]]></SubjectCode>
                <SubjectHeadingText><![CDATA[Ondernemingsrecht]]></SubjectHeadingText>
            </Subject>
        </DescriptiveDetail>
        <CollateralDetail>
            <TextContent>
                <TextType></TextType>
                <ContentAudience></ContentAudience>
                <Text textformat="2">Na het verschijnen van de tweede druk van het Handboek Stichting en Vereniging in 2015 hebben zich interessante ontwikkelingen in wetgeving en jurisprudentie voorgedaan op het terrein van de stichting en de vereniging, inclusief haar bijzondere verschijningsvormen, de coöperatie en de onderlinge waarborgmaatschappij. In deze derde druk worden die ontwikkelingen geplaatst in een uitputtende behandeling van de onderwerpen die voor deze rechtsvormen relevant zijn. Het boek is geschreven met oog voor de praktijk, en richt zich op bestuurders, commissarissen en adviseurs van dit type rechtspersonen. Door de verwijzing naar relevante literatuur en jurisprudentie is het Handboek ook zeer geschikt voor de student die zich in deze rechtsvormen wil verdiepen. In 2018 is tevens een studenteneditie van het Handboek verschenen. Aan de hand van voorbeelden worden alle belangrijke fasen in het leven van de rechtspersoon behandeld: van oprichting tot samenwerking, fusie en splitsing en van omzetting tot ontbinding. Ook wordt uitgebreid ingegaan op de governance structuur, op de machtsverhoudingen binnen de organisatie, op de taken en verantwoordelijkheden van de diverse organen en het naar buiten treden van deze rechtspersonen. Intern en extern toezicht, de verantwoordelijkheden op het terrein van financiële administratie en de aansprakelijkheden van bestuurders, beleidsbepalers en toezichthouders komen daarbij nadrukkelijk aan de orde. Ook aan de fiscale problematiek waarmee deze rechtspersonen worden geconfronteerd, wordt uitgebreid aandacht besteed. Verder wordt uitbundig gekeken naar verwante thema’s, zoals de maatschappelijke onderneming (onderverdeeld in goede doelen, onderwijsinstellingen, zorginstellingen en woningcorporaties), de stichting in fiduciaire verhoudingen, de Stichting Administratiekantoor, de Algemeen Nut Beogende Instelling (ANBI), de sociaal belang behartigende instelling (SBBI) en de Europese stichting en vereniging. Daarnaast is er aandacht voor het Wetsvoorstel Bestuur en Toezicht Rechtspersonen dat, naar verwachting op niet al te lange termijn, zal worden ingevoerd en een nieuwe governance structuur voor de vereniging en stichting behelst.</Text>
            </TextContent>
        </CollateralDetail>
        <PublishingDetail>
            <Publisher>
                <PublishingRole><![CDATA[01]]></PublishingRole>
                <PublisherName><![CDATA[Paris]]></PublisherName>
            </Publisher>
            <CityOfPublication></CityOfPublication>
            <PublishingStatus></PublishingStatus>
            <PublishingDate>
                <PublishingDateRole><![CDATA[01]]></PublishingDateRole>
                <Date dateformat="0"><![CDATA[21-11-2018]]></Date>
            </PublishingDate>
            <PublishingDate>
                <PublishingDateRole><![CDATA[01]]></PublishingDateRole>
                <Date dateformat="5"><![CDATA[2018]]></Date>
            </PublishingDate>
        </PublishingDetail>
        <RelatedMaterial>
            <RelatedProduct>
                <ProductRelationCode><![CDATA[13]]></ProductRelationCode>
                <ProductIdentifier>
                    <ProductIDType><![CDATA[15]]></ProductIDType>
                    <IDValue><![CDATA[9789462511941]]></IDValue>
                </ProductIdentifier>
            </RelatedProduct>
        </RelatedMaterial>
        <ProductSupply>
            <SupplyDetail>
                <Supplier>
                    <SupplierRole></SupplierRole>
                    <SupplierName></SupplierName>
                </Supplier>
                <ProductAvailability></ProductAvailability>
                <Price>
                    <PriceType></PriceType>
                    <PriceAmount><![CDATA[65.6]]></PriceAmount>
                    <CurrencyCode></CurrencyCode>
                </Price>
            </SupplyDetail>
        </ProductSupply>
    </Product>
</ONIXMessage>
