<?xml version="1.0" encoding="UTF-8" standalone="yes"?>
<ONIXMessage xmlns="http://ns.editeur.org/onix/3.0/reference" xmlns:xsi="http://www.w3.org/2001/XMLSchema-instance" xsi:schemaLocation="http://ns.editeur.org/onix/3.0/reference ONIX_BookProduct_3.0_reference.xsd">
    <Header>
        <Sender>
            <SenderName></SenderName>
        </Sender>
        <SentDateTime></SentDateTime>
        <DefaultPriceType></DefaultPriceType>
        <DefaultCurrencyCode></DefaultCurrencyCode>
    </Header>
    <Product>
        <RecordReference></RecordReference>
        <NotificationType></NotificationType>
        <ProductIdentifier>
            <ProductIDType></ProductIDType>
            <IDValue></IDValue>
        </ProductIdentifier>
        <DescriptiveDetail>
            <ProductComposition></ProductComposition>
            <ProductForm></ProductForm>
            <Collection>
                <CollectionType><![CDATA[10]]></CollectionType>
                <TitleDetail>
                    <TitleType></TitleType>
                    <TitleElement>
                        <TitleElementLevel></TitleElementLevel>
                        <PartNumber></PartNumber>
                        <TitleText></TitleText>
                    </TitleElement>
                </TitleDetail>
            </Collection>
            <TitleDetail>
                <TitleType></TitleType>
                <TitleElement>
                    <TitleElementLevel></TitleElementLevel>
                    <TitleText><![CDATA[Verborgen privaatrecht]]></TitleText>
                    <Subtitle></Subtitle>
                </TitleElement>
            </TitleDetail>
            <Contributor>
                <SequenceNumber><![CDATA[1]]></SequenceNumber>
                <ContributorRole><![CDATA[A01]]></ContributorRole>
                <PersonName><![CDATA[Westrik, R.]]></PersonName>
            </Contributor>
            <EditionNumber></EditionNumber>
            <Extent>
                <ExtentType></ExtentType>
                <ExtentValue></ExtentValue>
                <ExtentUnit></ExtentUnit>
            </Extent>
            <Subject>
                <SubjectSchemeIdentifier><![CDATA[23]]></SubjectSchemeIdentifier>
                <SubjectCode><![CDATA[Privaatrecht]]></SubjectCode>
                <SubjectHeadingText><![CDATA[Privaatrecht]]></SubjectHeadingText>
            </Subject>
        </DescriptiveDetail>
        <CollateralDetail>
            <TextContent>
                <TextType></TextType>
                <ContentAudience></ContentAudience>
                <Text textformat="2">Juristen worden opgeleid om te werken met geldend recht. Om dat geldende recht te kennen dienen zij  'hun literatuur bij te houden'. Ziehier, in twee zinnen, de werkelijkheid én werkwijze van juristen gedurende een voorbije eeuw. Voorbij, omdat in de huidige tijd het geldende recht niet goed meer  'gekend' kan worden. Er bestaat een kenprobleem met betrekking tot het geldende recht van Europese origine. Het kenprobleem bestaat uit twee vragen. Ten eerste:  'Wat is in dit concrete geval het geldende en toepasselijke recht?' Ten tweede: alser (al) een vermoeden is dat  'recht van buitenaf' mogelijk van toepassing is, hoe moet dit dan gevonden worden? Deze vragen, die vooraf, iedere dag, in iedere casus en op elk rechtsgebied gesteld moeten worden, gaan  'met zevenmijlslaarzen' door bestaande werkwijzen en indelingen in rechtsgebieden heen. Zij laten zich niets gelegen liggen aan territoriale of inhoudelijke grenzen of aan de heersende benadering van  'het Europese recht' als  'verborgen privaatrecht', als corpus alienumdat van buitenaf  'doorwerkt' in het nationale recht. De boodschap in dit boek aan de juridische, privaatrechtelijke wereld in de Europese Unie is aldus: Wake up! Het Europese recht is onderdeel van het geldende recht en dient als zodanig – en dus niet als afzonderlijke toevoeging onder de vlag van  'IPR, Europees recht of doorwerking' – bestudeerd, gekend én toegepast te worden. Het gaat om geldend privaatrecht! Roel Westrik is als Universitair hoofddocent privaatrecht verbonden aan de Erasmus School of Law (ESL) van de Erasmus Universiteit Rotterdam en als Hoofd Wetenschappelijk Bureau werkzaam bij Holla Advocaten (Den Bosch, Eindhoven).</Text>
            </TextContent>
        </CollateralDetail>
        <PublishingDetail>
            <Publisher>
                <PublishingRole><![CDATA[01]]></PublishingRole>
                <PublisherName><![CDATA[Paris]]></PublisherName>
            </Publisher>
            <CityOfPublication></CityOfPublication>
            <PublishingStatus></PublishingStatus>
            <PublishingDate>
                <PublishingDateRole><![CDATA[01]]></PublishingDateRole>
                <Date dateformat="0"><![CDATA[20-07-2016]]></Date>
            </PublishingDate>
            <PublishingDate>
                <PublishingDateRole><![CDATA[01]]></PublishingDateRole>
                <Date dateformat="5"><![CDATA[2016]]></Date>
            </PublishingDate>
        </PublishingDetail>
        <RelatedMaterial>
            <RelatedProduct>
                <ProductRelationCode><![CDATA[13]]></ProductRelationCode>
                <ProductIdentifier>
                    <ProductIDType><![CDATA[15]]></ProductIDType>
                    <IDValue><![CDATA[9789462511071]]></IDValue>
                </ProductIdentifier>
            </RelatedProduct>
        </RelatedMaterial>
        <ProductSupply>
            <SupplyDetail>
                <Supplier>
                    <SupplierRole></SupplierRole>
                    <SupplierName></SupplierName>
                </Supplier>
                <ProductAvailability></ProductAvailability>
                <Price>
                    <PriceType></PriceType>
                    <PriceAmount><![CDATA[28.9]]></PriceAmount>
                    <CurrencyCode></CurrencyCode>
                </Price>
            </SupplyDetail>
        </ProductSupply>
    </Product>
</ONIXMessage>
