ISBNFolioBk;PrijsNieuw
9789077320044;
9789490962234;
9789490962357;
9789490962319;
9789490962166;
9789490962364;
9789490962746;
9789490962937;
9789462510999;95.41
9789462511132;94.95
9789462510951;93.12
9789462510784;87.16
9789462511194;84.86
9789462511309;82.57
9789462511378;82.57
9789462510739;79.82
9789462511033;78.90
9789462511934;78.90
9789462510890;76.61
9789462511163;73.85
9789462511552;71.56
9789462511651;70.64
9789462511705;70.64
9789462511880;70.64
9789462511736;70.64
9789462511040;69.27
9789462511125;69.27
9789462511170;69.27
9789462511521;67.43
9789462511941;66.97
9789462511897;66.51
9789462510883;65.60
9789462510838;
9789462510852;65.14
9789462511774;65.14
9789462511514;64.68
9789462511088;
9789462510869;63.76
9789462511026;
9789462512061;62.39
9789462511491;61.01
9789462511668;61.01
9789462511958;59.63
9789462510401;57.34
9789462512030;57.34
9789462511415;56.42
9789462511323;54.13
9789462510920;53.67
9789462511392;50.92
9789462511422;50.92
9789462511729;50.46
9789462511507;49.08
9789462511576;49.08
9789462512054;47.71
9789462511545;46.33
9789462511439;46.33
9789462511750;45.87
9789462510913;43.58
9789462511330;41.28
9789462511484;40.83
9789462511217;39.91
9789462511675;39.91
9789462511644;39.91
9789462511293;
9789462511224;38.53
9789462511347;
9789462511354;
9789462511361;
9789462511538;38.53
9789462511927;37.16
9789462512092;37.16
9789462510968;35.78
9789462511866;34.86
9789462511781;35.32
9789462511910;34.86
9789462511590;34.40
9789462511613;
9789462511156;33.49
9789462511767;33.03
9789462511965;33.03
9789462510807;32.57
9789462511316;30.73
9789462511248;30.73
9789462511460;30.73
9789462511873;30.28
9789462511583;30.28
9789462511101;29.36
9789462511071;29.36
9789462511637;28.44
9789462512016;28.44
9789462510678;27.52
9789462511835;
9789462511842;
9789462511712;
9789462512078;26.61
9789462511477;25.69
9789462511255;25.69
9789462511682;
9789462511620;25.23
9789462511187;23.39
9789462511972;23.39
9789462511811;23.39
9789462511569;22.94
9789462511453;22.94
9789462511446;22.94
9789462511408;22.02
9789462510845;21.10
9789462511019;20.64
9789462511057;20.64
9789462511064;20.64
9789462511200;20.64
9789462511385;20.18
9789462511743;19.72
9789462511989;
9789462512047;18.81
9789462512115;18.81
9789462512122;18.81
9789462512085;18.81
9789462511859;18.35
9789462510975;17.89
9789462510982;16.51
9789462510906;16.06
9789462511903;15.60
9789462512023;15.14
9789462511231;129.61