<?xml version="1.0" encoding="UTF-8" standalone="yes"?>
<ONIXMessage xmlns="http://ns.editeur.org/onix/3.0/reference" xmlns:xsi="http://www.w3.org/2001/XMLSchema-instance" xsi:schemaLocation="http://ns.editeur.org/onix/3.0/reference ONIX_BookProduct_3.0_reference.xsd">
    <Header>
        <Sender>
            <SenderName></SenderName>
        </Sender>
        <SentDateTime></SentDateTime>
        <DefaultPriceType></DefaultPriceType>
        <DefaultCurrencyCode></DefaultCurrencyCode>
    </Header>
    <Product>
        <RecordReference></RecordReference>
        <NotificationType></NotificationType>
        <ProductIdentifier>
            <ProductIDType></ProductIDType>
            <IDValue></IDValue>
        </ProductIdentifier>
        <DescriptiveDetail>
            <ProductComposition></ProductComposition>
            <ProductForm></ProductForm>
            <Collection>
                <CollectionType><![CDATA[10]]></CollectionType>
                <TitleDetail>
                    <TitleType></TitleType>
                    <TitleElement>
                        <TitleElementLevel></TitleElementLevel>
                        <PartNumber></PartNumber>
                        <TitleText></TitleText>
                    </TitleElement>
                </TitleDetail>
            </Collection>
            <TitleDetail>
                <TitleType></TitleType>
                <TitleElement>
                    <TitleElementLevel></TitleElementLevel>
                    <TitleText><![CDATA[Handboek Bouwen op weg naar de Omgevingswet]]></TitleText>
                    <Subtitle></Subtitle>
                </TitleElement>
            </TitleDetail>
            <Contributor>
                <SequenceNumber><![CDATA[1]]></SequenceNumber>
                <ContributorRole><![CDATA[A01]]></ContributorRole>
                <PersonName><![CDATA[Bregman, A.G. (red) ]]></PersonName>
            </Contributor>
            <Contributor>
                <SequenceNumber><![CDATA[2]]></SequenceNumber>
                <ContributorRole><![CDATA[A01]]></ContributorRole>
                <PersonName><![CDATA[ Graaf, K.J. de (red) ]]></PersonName>
            </Contributor>
            <Contributor>
                <SequenceNumber><![CDATA[3]]></SequenceNumber>
                <ContributorRole><![CDATA[A01]]></ContributorRole>
                <PersonName><![CDATA[ Karens, J.J. (red)]]></PersonName>
            </Contributor>
            <Contributor>
                <SequenceNumber><![CDATA[4]]></SequenceNumber>
                <ContributorRole><![CDATA[A01]]></ContributorRole>
                <PersonName><![CDATA[ Koning, A.Z.R. (red) ]]></PersonName>
            </Contributor>
            <Contributor>
                <SequenceNumber><![CDATA[5]]></SequenceNumber>
                <ContributorRole><![CDATA[A01]]></ContributorRole>
                <PersonName><![CDATA[ Struiksma, J. (red)]]></PersonName>
            </Contributor>
            <EditionNumber><![CDATA[1]]></EditionNumber>
            <Extent>
                <ExtentType></ExtentType>
                <ExtentValue></ExtentValue>
                <ExtentUnit></ExtentUnit>
            </Extent>
            <Subject>
                <SubjectSchemeIdentifier><![CDATA[23]]></SubjectSchemeIdentifier>
                <SubjectCode><![CDATA[Omgevingsrecht]]></SubjectCode>
                <SubjectHeadingText><![CDATA[Omgevingsrecht]]></SubjectHeadingText>
            </Subject>
        </DescriptiveDetail>
        <CollateralDetail>
            <TextContent>
                <TextType><![CDATA[03]]></TextType>
                <ContentAudience></ContentAudience>
                <Text textformat="02">Het publiekrechtelijk bouwrecht, beter gezegd: het omgevingsrecht, is voortdurend in beweging.<BR/>De grote ontwikkeling in het omgevingsrecht is de Omgevingswet. De wet vormt een enorme stimulans van het denken over de fysieke leefomgeving in brede zin, en zorgt voor integratie van verschillende omgevingsrechtelijke domeinen zoals ruimte, milieu, water en grondbeleid. De contouren van de wet worden steeds meer duidelijk nu (herziene) voorstellen voor amvb’s, aanvullingswetten en een invoeringswet het licht zien. Het proces is echter voorlopig nog niet afgerond, waardoor het toekomstige omgevingsrecht voortdurend in beweging zal zijn.<BR/>Het bestaande omgevingsrecht is evenmin een rustig bezit is. Te wijzen is op recente wetswijzigingen, zoals de implementatie van de herziene MER-richtlijn, de aangepaste Ladder voor duurzame verstedelijking, nieuwe tranches die worden toegevoegd aan het Besluit uitvoering Crisis- en herstelwet alsmede het voortdurend verschijnen van nieuwe jurisprudentie. Daarnaast hebben bredere ontwikkelingen, zoals een aantrekkende woningmarkt, het vergroten van mobiliteit en de duurzaamheidstransitie hun weerslag op oplossingen die gevonden moeten worden binnen het omgevingsrecht. Dit Handboek neemt het huidige omgevingsrecht als uitgangspunt en beschrijft tegelijk op basis van de actueel beschikbare informatie uit het wetgevingsproces hoe de regelgeving (voor de verschillende te behandelen onderwerpen) zal luiden na inwerkingtreding van de Omgevingswet. Kortom: een ‘Handboek Bouwen op weg naar de Omgevingswet’. Dit boek is bedoeld voor een ieder die zich met het omgevingsrecht bezig houdt, zowel binnen onderwijs als de (bouw)praktijk. Nadrukkelijk uitgangspunt daarbij is om de lezer mee te nemen in de transitie van het omgevingsrecht, van het ‘oude’ recht, naar het ‘nieuwe’ recht, om zo een instrument te bieden waarmee de dynamische wereld van het omgevingsrecht - nu en straks – verder ontgonnen wordt.</Text>
            </TextContent>
        </CollateralDetail>
        <PublishingDetail>
            <Publisher>
                <PublishingRole><![CDATA[01]]></PublishingRole>
                <PublisherName><![CDATA[IBR]]></PublisherName>
            </Publisher>
            <CityOfPublication></CityOfPublication>
            <PublishingStatus><![CDATA[04]]></PublishingStatus>
            <PublishingDate>
                <PublishingDateRole><![CDATA[01]]></PublishingDateRole>
                <Date dateformat="00"><![CDATA[21-9-2017]]></Date>
            </PublishingDate>
            <PublishingDate>
                <PublishingDateRole><![CDATA[01]]></PublishingDateRole>
                <Date dateformat="05"><![CDATA[2017]]></Date>
            </PublishingDate>
        </PublishingDetail>
        <RelatedMaterial>
            <RelatedProduct>
                <ProductRelationCode><![CDATA[13]]></ProductRelationCode>
                <ProductIdentifier>
                    <ProductIDType><![CDATA[15]]></ProductIDType>
                    <IDValue><![CDATA[9789463150262]]></IDValue>
                </ProductIdentifier>
            </RelatedProduct>
        </RelatedMaterial>
        <ProductSupply>
            <SupplyDetail>
                <Supplier>
                    <SupplierRole></SupplierRole>
                    <SupplierName></SupplierName>
                </Supplier>
                <ProductAvailability></ProductAvailability>
                <Price>
                    <PriceType><![CDATA[01]]></PriceType>
                    <PriceAmount><![CDATA[46.5]]></PriceAmount>
                    <CurrencyCode><![CDATA[EUR]]></CurrencyCode>
                </Price>
            </SupplyDetail>
        </ProductSupply>
    </Product>
</ONIXMessage>
