<?xml version="1.0" encoding="UTF-8" standalone="yes"?>
<ONIXMessage xmlns="http://ns.editeur.org/onix/3.0/reference" xmlns:xsi="http://www.w3.org/2001/XMLSchema-instance" xsi:schemaLocation="http://ns.editeur.org/onix/3.0/reference ONIX_BookProduct_3.0_reference.xsd">
    <Header>
        <Sender>
            <SenderName></SenderName>
        </Sender>
        <SentDateTime></SentDateTime>
        <DefaultPriceType></DefaultPriceType>
        <DefaultCurrencyCode></DefaultCurrencyCode>
    </Header>
    <Product>
        <RecordReference></RecordReference>
        <NotificationType></NotificationType>
        <ProductIdentifier>
            <ProductIDType></ProductIDType>
            <IDValue></IDValue>
        </ProductIdentifier>
        <DescriptiveDetail>
            <ProductComposition></ProductComposition>
            <ProductForm></ProductForm>
            <Collection>
                <CollectionType><![CDATA[10]]></CollectionType>
                <TitleDetail>
                    <TitleType></TitleType>
                    <TitleElement>
                        <TitleElementLevel></TitleElementLevel>
                        <PartNumber></PartNumber>
                        <TitleText></TitleText>
                    </TitleElement>
                </TitleDetail>
            </Collection>
            <TitleDetail>
                <TitleType></TitleType>
                <TitleElement>
                    <TitleElementLevel></TitleElementLevel>
                    <TitleText><![CDATA[Juridisch Handboek Gebiedsontwikkeling (2e druk)]]></TitleText>
                    <Subtitle></Subtitle>
                </TitleElement>
            </TitleDetail>
            <Contributor>
                <SequenceNumber><![CDATA[1]]></SequenceNumber>
                <ContributorRole><![CDATA[A01]]></ContributorRole>
                <PersonName><![CDATA[Bregman, A.G. (red) ]]></PersonName>
            </Contributor>
            <Contributor>
                <SequenceNumber><![CDATA[2]]></SequenceNumber>
                <ContributorRole><![CDATA[A01]]></ContributorRole>
                <PersonName><![CDATA[ Koning, A.Z.R. (red) ]]></PersonName>
            </Contributor>
            <Contributor>
                <SequenceNumber><![CDATA[3]]></SequenceNumber>
                <ContributorRole><![CDATA[A01]]></ContributorRole>
                <PersonName><![CDATA[ Win, R.W.J.J. de (red)]]></PersonName>
            </Contributor>
            <EditionNumber><![CDATA[2]]></EditionNumber>
            <Extent>
                <ExtentType></ExtentType>
                <ExtentValue></ExtentValue>
                <ExtentUnit></ExtentUnit>
            </Extent>
            <Subject>
                <SubjectSchemeIdentifier><![CDATA[23]]></SubjectSchemeIdentifier>
                <SubjectCode><![CDATA[Omgevingsrecht]]></SubjectCode>
                <SubjectHeadingText><![CDATA[Omgevingsrecht]]></SubjectHeadingText>
            </Subject>
        </DescriptiveDetail>
        <CollateralDetail>
            <TextContent>
                <TextType><![CDATA[03]]></TextType>
                <ContentAudience></ContentAudience>
                <Text textformat="02">Bij gebiedsontwikkeling is sprake van een gecombineerde ontwikkeling van een of meer functies, mede in relatie tot het omliggende openbare gebied. De essentie van gebiedsontwikkeling is het integrale karakter van de opgave, ongeacht de schaal waarop de ontwikkeling plaatsvindt. Gebiedsontwikkeling is daarmee een verzamelnaam voor vele typen ruimtelijke veranderingsprocessen ten behoeve van onder meer woningbouw, bedrijventerreinen, natuur en agrarische functies.<BR/>De afgelopen jaren is het karakter van gebiedsontwikkeling op veel plaatsen ingrijpend veranderd. Waar in het verleden een grootschalige aanpak en een hoog blauwdrukkarakter van veel plannen kenmerkend waren, wordt nu veel meer rekening gehouden met toekomstige onzekerheden. Ook is het zwaartepunt van de gebiedsontwikkelingsopgave verschoven van uitleglocaties naar locaties binnen het bestaande bebouwde gebied. Bij gebiedsontwikkeling vraagt een aantal aspecten voortdurend de aandacht zoals de verhouding tussen het publiekrecht en het privaatrecht, een juiste en doelmatige planologische inkadering, aanbestedingsrechtelijke kwesties, staatssteun, fiscale aspecten en het omgaan met risico’s. Voor de doelgroep beoogt het Handboek een gedegen theoretische basis op deze onderwerpen aan te reiken, alsmede inspiratie te verschaffen uit de beschreven actuele voorbeelden van gebiedsontwikkeling. Dit Juridisch Handboek Gebiedsontwikkeling is niet alleen bedoeld voor het onderwijs, maar biedt ook een handreiking aan hen die werkzaam zijn bij publieke of private partijen alsmede hun externe adviseurs die te maken hebben met gebiedsontwikkeling. Dit kan zowel op projectniveau zijn als vanuit een bestuurlijke verantwoordelijkheid.</Text>
            </TextContent>
        </CollateralDetail>
        <PublishingDetail>
            <Publisher>
                <PublishingRole><![CDATA[01]]></PublishingRole>
                <PublisherName><![CDATA[IBR]]></PublisherName>
            </Publisher>
            <CityOfPublication></CityOfPublication>
            <PublishingStatus><![CDATA[04]]></PublishingStatus>
            <PublishingDate>
                <PublishingDateRole><![CDATA[01]]></PublishingDateRole>
                <Date dateformat="00"><![CDATA[2-11-2019]]></Date>
            </PublishingDate>
            <PublishingDate>
                <PublishingDateRole><![CDATA[01]]></PublishingDateRole>
                <Date dateformat="05"><![CDATA[2019]]></Date>
            </PublishingDate>
        </PublishingDetail>
        <RelatedMaterial>
            <RelatedProduct>
                <ProductRelationCode><![CDATA[13]]></ProductRelationCode>
                <ProductIdentifier>
                    <ProductIDType><![CDATA[15]]></ProductIDType>
                    <IDValue><![CDATA[9789463150279]]></IDValue>
                </ProductIdentifier>
            </RelatedProduct>
        </RelatedMaterial>
        <ProductSupply>
            <SupplyDetail>
                <Supplier>
                    <SupplierRole></SupplierRole>
                    <SupplierName></SupplierName>
                </Supplier>
                <ProductAvailability></ProductAvailability>
                <Price>
                    <PriceType><![CDATA[01]]></PriceType>
                    <PriceAmount><![CDATA[56.75]]></PriceAmount>
                    <CurrencyCode><![CDATA[EUR]]></CurrencyCode>
                </Price>
            </SupplyDetail>
        </ProductSupply>
    </Product>
</ONIXMessage>
