<?xml version="1.0" encoding="UTF-8" standalone="yes"?>
<ONIXMessage xmlns="http://ns.editeur.org/onix/3.0/reference" xmlns:xsi="http://www.w3.org/2001/XMLSchema-instance" xsi:schemaLocation="http://ns.editeur.org/onix/3.0/reference ONIX_BookProduct_3.0_reference.xsd">
    <Header>
        <Sender>
            <SenderName></SenderName>
        </Sender>
        <SentDateTime></SentDateTime>
        <DefaultPriceType></DefaultPriceType>
        <DefaultCurrencyCode></DefaultCurrencyCode>
    </Header>
    <Product>
        <RecordReference></RecordReference>
        <NotificationType></NotificationType>
        <ProductIdentifier>
            <ProductIDType></ProductIDType>
            <IDValue></IDValue>
        </ProductIdentifier>
        <DescriptiveDetail>
            <ProductComposition></ProductComposition>
            <ProductForm></ProductForm>
            <Collection>
                <CollectionType><![CDATA[10]]></CollectionType>
                <TitleDetail>
                    <TitleType></TitleType>
                    <TitleElement>
                        <TitleElementLevel></TitleElementLevel>
                        <PartNumber></PartNumber>
                        <TitleText></TitleText>
                    </TitleElement>
                </TitleDetail>
            </Collection>
            <TitleDetail>
                <TitleType></TitleType>
                <TitleElement>
                    <TitleElementLevel></TitleElementLevel>
                    <TitleText><![CDATA[Haat en liefde in het recht]]></TitleText>
                    <Subtitle></Subtitle>
                </TitleElement>
            </TitleDetail>
            <Contributor>
                <SequenceNumber><![CDATA[1]]></SequenceNumber>
                <ContributorRole><![CDATA[A01]]></ContributorRole>
                <PersonName><![CDATA[Noorloos, L.A. van]]></PersonName>
            </Contributor>
            <Contributor>
                <SequenceNumber><![CDATA[2]]></SequenceNumber>
                <ContributorRole><![CDATA[A01]]></ContributorRole>
                <PersonName><![CDATA[Spalter,N.D.]]></PersonName>
            </Contributor>
            <Contributor>
                <SequenceNumber><![CDATA[3]]></SequenceNumber>
                <ContributorRole><![CDATA[A01]]></ContributorRole>
                <PersonName><![CDATA[Vols, M.]]></PersonName>
            </Contributor>
            <EditionNumber></EditionNumber>
            <Extent>
                <ExtentType></ExtentType>
                <ExtentValue></ExtentValue>
                <ExtentUnit></ExtentUnit>
            </Extent>
            <Subject>
                <SubjectSchemeIdentifier><![CDATA[23]]></SubjectSchemeIdentifier>
                <SubjectCode></SubjectCode>
                <SubjectHeadingText></SubjectHeadingText>
            </Subject>
        </DescriptiveDetail>
        <CollateralDetail>
            <TextContent>
                <TextType><![CDATA[03]]></TextType>
                <ContentAudience></ContentAudience>
                <Text textformat="02">Ter gelegenheid van het zesde seminar van De Jonge Nederlandse Juristen-Vereniging op 11 december 2015 hebben Naomi Spalter, Marloes van Noorloos en Michel Vols essays geschreven over het overkoepelende thema  'Haat en liefde in het recht'. Het zijn twee emoties die goed passen bij het recht. Soms gaat het meer om de zachte kant van het recht en spelen zij een rol bij de beleving van een confl ict. Daarnaast kunnen haat en liefde ook invloed uitoefenen op het recht en daarvan onderdeel of oorzaak zijn. Deze emoties kunnen daarbij alleen tot uiting komen in de verhoudingen tussen (groepen) mensen onderling. De vraag óf, en zo ja in hoeverre, in het toepasselijke recht rekening moet worden gehouden met deze emoties, is vaak onderwerp van discussie. In sommige verhoudingen is daar weinig tot geen ruimte voor, terwijl zij in andere relaties juist de boventoon voeren. Haat en liefde dus. Vanuit het personen- en familierecht, het strafrecht en het bestuursrecht wordt door de essayisten gereflecteerd op dit thema.</Text>
            </TextContent>
        </CollateralDetail>
        <PublishingDetail>
            <Publisher>
                <PublishingRole><![CDATA[01]]></PublishingRole>
                <PublisherName><![CDATA[Paris]]></PublisherName>
            </Publisher>
            <CityOfPublication></CityOfPublication>
            <PublishingStatus><![CDATA[04]]></PublishingStatus>
            <PublishingDate>
                <PublishingDateRole><![CDATA[01]]></PublishingDateRole>
                <Date dateformat="00"><![CDATA[11-12-2015]]></Date>
            </PublishingDate>
            <PublishingDate>
                <PublishingDateRole><![CDATA[01]]></PublishingDateRole>
                <Date dateformat="05"><![CDATA[2015]]></Date>
            </PublishingDate>
        </PublishingDetail>
        <RelatedMaterial>
            <RelatedProduct>
                <ProductRelationCode><![CDATA[13]]></ProductRelationCode>
                <ProductIdentifier>
                    <ProductIDType><![CDATA[15]]></ProductIDType>
                    <IDValue><![CDATA[9789462510982]]></IDValue>
                </ProductIdentifier>
            </RelatedProduct>
        </RelatedMaterial>
        <ProductSupply>
            <SupplyDetail>
                <Supplier>
                    <SupplierRole></SupplierRole>
                    <SupplierName></SupplierName>
                </Supplier>
                <ProductAvailability></ProductAvailability>
                <Price>
                    <PriceType><![CDATA[01]]></PriceType>
                    <PriceAmount><![CDATA[16.06]]></PriceAmount>
                    <CurrencyCode><![CDATA[EUR]]></CurrencyCode>
                </Price>
            </SupplyDetail>
        </ProductSupply>
    </Product>
</ONIXMessage>
