<?xml version="1.0" encoding="UTF-8" standalone="yes"?>
<ONIXMessage xmlns="http://ns.editeur.org/onix/3.0/reference" xmlns:xsi="http://www.w3.org/2001/XMLSchema-instance" xsi:schemaLocation="http://ns.editeur.org/onix/3.0/reference ONIX_BookProduct_3.0_reference.xsd">
    <Header>
        <Sender>
            <SenderName></SenderName>
        </Sender>
        <SentDateTime></SentDateTime>
        <DefaultPriceType></DefaultPriceType>
        <DefaultCurrencyCode></DefaultCurrencyCode>
    </Header>
    <Product>
        <RecordReference></RecordReference>
        <NotificationType></NotificationType>
        <ProductIdentifier>
            <ProductIDType></ProductIDType>
            <IDValue></IDValue>
        </ProductIdentifier>
        <DescriptiveDetail>
            <ProductComposition></ProductComposition>
            <ProductForm></ProductForm>
            <Collection>
                <CollectionType><![CDATA[10]]></CollectionType>
                <TitleDetail>
                    <TitleType></TitleType>
                    <TitleElement>
                        <TitleElementLevel></TitleElementLevel>
                        <PartNumber></PartNumber>
                        <TitleText></TitleText>
                    </TitleElement>
                </TitleDetail>
            </Collection>
            <TitleDetail>
                <TitleType></TitleType>
                <TitleElement>
                    <TitleElementLevel></TitleElementLevel>
                    <TitleText><![CDATA[Een gedragswetenschappelijk perspectief op de consumentenkredietovereenkomst]]></TitleText>
                    <Subtitle></Subtitle>
                </TitleElement>
            </TitleDetail>
            <Contributor>
                <SequenceNumber><![CDATA[1]]></SequenceNumber>
                <ContributorRole><![CDATA[A01]]></ContributorRole>
                <PersonName><![CDATA[Braspenning, J.J.A.]]></PersonName>
            </Contributor>
            <EditionNumber></EditionNumber>
            <Extent>
                <ExtentType></ExtentType>
                <ExtentValue></ExtentValue>
                <ExtentUnit></ExtentUnit>
            </Extent>
            <Subject>
                <SubjectSchemeIdentifier><![CDATA[23]]></SubjectSchemeIdentifier>
                <SubjectCode><![CDATA[Recht algemeen]]></SubjectCode>
                <SubjectHeadingText><![CDATA[Recht algemeen]]></SubjectHeadingText>
            </Subject>
        </DescriptiveDetail>
        <CollateralDetail>
            <TextContent>
                <TextType><![CDATA[03]]></TextType>
                <ContentAudience></ContentAudience>
                <Text textformat="02">Dit onderzoek gaat over de regulering van consumentenkrediet in Nederland, met inbegrip van de invloed van Europese regelgeving. Om de markt voor het consumentenkrediet te reguleren bestaat er een divers palet aan wet- en regelgeving. Informatieplichten spelen daarin een prominente rol. In dit boek worden het informatieparadigma en de daaraan ten grondslag liggende uitgangspunten van beleidsmakers gespiegeld aan actuele inzichten uit de gedragseconomie en psychologie. Onderzoek uit deze gedragswetenschappen laat zien dat de consument als beslisser kwetsbaar is en nogal eens suboptimale beslissingen neemt. Zo wordt informatie niet altijd gelezen en ontbreekt het consumenten aan elementaire financiële kennis. Het dominante consumentbeeld dat ten grondslag ligt aan de bestaande wet- en regelgeving staat onder druk. Door wetenschappers en beleidsmakers zijn de laatste jaren interessante alternatieve beleidsinstrumenten voorgesteld om het (leen)gedrag van consumenten ten goede te beïnvloeden. In dit boek wordt een aantal nieuwe benaderingen voor de regulering van het consumptief krediet geïntroduceerd, geanalyseerd en op empirische wijze getest. De resultaten van deze exercitie worden teruggekoppeld naar het geldend recht en de implicaties daarvan voor wetenschappers en beleidsmakers worden besproken. Jurgen Braspenning (mr. drs.) voltooide de Research Master in Law en de Master Financial Management aan de Universiteit van Tilburg. Ook studeerde hij een semester aan de Koç  University in Istanbul. In september 2013 begon hij als promovendus en docent bij het departement Privaatrecht van de Universiteit van Tilburg. Sinds september 2017 is hij als advocaat verbonden aan Linssen cs Advocaten in Tilburg.</Text>
            </TextContent>
        </CollateralDetail>
        <PublishingDetail>
            <Publisher>
                <PublishingRole><![CDATA[01]]></PublishingRole>
                <PublisherName><![CDATA[Paris]]></PublisherName>
            </Publisher>
            <CityOfPublication></CityOfPublication>
            <PublishingStatus><![CDATA[04]]></PublishingStatus>
            <PublishingDate>
                <PublishingDateRole><![CDATA[01]]></PublishingDateRole>
                <Date dateformat="00"><![CDATA[27-11-2017]]></Date>
            </PublishingDate>
            <PublishingDate>
                <PublishingDateRole><![CDATA[01]]></PublishingDateRole>
                <Date dateformat="05"><![CDATA[2017]]></Date>
            </PublishingDate>
        </PublishingDetail>
        <RelatedMaterial>
            <RelatedProduct>
                <ProductRelationCode><![CDATA[13]]></ProductRelationCode>
                <ProductIdentifier>
                    <ProductIDType><![CDATA[15]]></ProductIDType>
                    <IDValue><![CDATA[9789462511514]]></IDValue>
                </ProductIdentifier>
            </RelatedProduct>
        </RelatedMaterial>
        <ProductSupply>
            <SupplyDetail>
                <Supplier>
                    <SupplierRole></SupplierRole>
                    <SupplierName></SupplierName>
                </Supplier>
                <ProductAvailability></ProductAvailability>
                <Price>
                    <PriceType><![CDATA[01]]></PriceType>
                    <PriceAmount><![CDATA[63.3]]></PriceAmount>
                    <CurrencyCode><![CDATA[EUR]]></CurrencyCode>
                </Price>
            </SupplyDetail>
        </ProductSupply>
    </Product>
</ONIXMessage>
