<?xml version="1.0" encoding="UTF-8" standalone="yes"?>
<ONIXMessage xmlns="http://ns.editeur.org/onix/3.0/reference" xmlns:xsi="http://www.w3.org/2001/XMLSchema-instance" xsi:schemaLocation="http://ns.editeur.org/onix/3.0/reference ONIX_BookProduct_3.0_reference.xsd">
    <Header>
        <Sender>
            <SenderName></SenderName>
        </Sender>
        <SentDateTime></SentDateTime>
        <DefaultPriceType></DefaultPriceType>
        <DefaultCurrencyCode></DefaultCurrencyCode>
    </Header>
    <Product>
        <RecordReference></RecordReference>
        <NotificationType></NotificationType>
        <ProductIdentifier>
            <ProductIDType></ProductIDType>
            <IDValue></IDValue>
        </ProductIdentifier>
        <DescriptiveDetail>
            <ProductComposition></ProductComposition>
            <ProductForm></ProductForm>
            <Collection>
                <CollectionType><![CDATA[10]]></CollectionType>
                <TitleDetail>
                    <TitleType></TitleType>
                    <TitleElement>
                        <TitleElementLevel></TitleElementLevel>
                        <PartNumber><![CDATA[2017]]></PartNumber>
                        <TitleText><![CDATA[Preadviezen Vereeniging Handelsrecht]]></TitleText>
                    </TitleElement>
                </TitleDetail>
            </Collection>
            <TitleDetail>
                <TitleType></TitleType>
                <TitleElement>
                    <TitleElementLevel></TitleElementLevel>
                    <TitleText><![CDATA[Het dwangakkoord buiten faillissement]]></TitleText>
                    <Subtitle></Subtitle>
                </TitleElement>
            </TitleDetail>
            <Contributor>
                <SequenceNumber><![CDATA[1]]></SequenceNumber>
                <ContributorRole><![CDATA[A01]]></ContributorRole>
                <PersonName><![CDATA[Bobeldijk, A.C.P.]]></PersonName>
            </Contributor>
            <Contributor>
                <SequenceNumber><![CDATA[2]]></SequenceNumber>
                <ContributorRole><![CDATA[A01]]></ContributorRole>
                <PersonName><![CDATA[Hees, J.J. van]]></PersonName>
            </Contributor>
            <Contributor>
                <SequenceNumber><![CDATA[3]]></SequenceNumber>
                <ContributorRole><![CDATA[A01]]></ContributorRole>
                <PersonName><![CDATA[Josephus Jitta, M.W.]]></PersonName>
            </Contributor>
            <Contributor>
                <SequenceNumber><![CDATA[4]]></SequenceNumber>
                <ContributorRole><![CDATA[A01]]></ContributorRole>
                <PersonName><![CDATA[Kluiver, H.J. de]]></PersonName>
            </Contributor>
            <Contributor>
                <SequenceNumber><![CDATA[5]]></SequenceNumber>
                <ContributorRole><![CDATA[A01]]></ContributorRole>
                <PersonName><![CDATA[Tollenaar, N.W.A.]]></PersonName>
            </Contributor>
            <Contributor>
                <SequenceNumber><![CDATA[6]]></SequenceNumber>
                <ContributorRole><![CDATA[A01]]></ContributorRole>
                <PersonName><![CDATA[Veder, P.M.]]></PersonName>
            </Contributor>
            <Contributor>
                <SequenceNumber><![CDATA[7]]></SequenceNumber>
                <ContributorRole><![CDATA[A01]]></ContributorRole>
                <PersonName><![CDATA[Verstijlen, F.M.J.]]></PersonName>
            </Contributor>
            <Contributor>
                <SequenceNumber><![CDATA[8]]></SequenceNumber>
                <ContributorRole><![CDATA[A01]]></ContributorRole>
                <PersonName><![CDATA[Vugt, M.H.F. van]]></PersonName>
            </Contributor>
            <EditionNumber></EditionNumber>
            <Extent>
                <ExtentType></ExtentType>
                <ExtentValue></ExtentValue>
                <ExtentUnit></ExtentUnit>
            </Extent>
            <Subject>
                <SubjectSchemeIdentifier><![CDATA[23]]></SubjectSchemeIdentifier>
                <SubjectCode><![CDATA[Ondernemingsrecht]]></SubjectCode>
                <SubjectHeadingText><![CDATA[Ondernemingsrecht]]></SubjectHeadingText>
            </Subject>
        </DescriptiveDetail>
        <CollateralDetail>
            <TextContent>
                <TextType><![CDATA[03]]></TextType>
                <ContentAudience></ContentAudience>
                <Text textformat="02">De preadviezen van de Vereeniging Handelsrecht zijn dit jaar gewijd aan het 'Voorontwerp Wet homologatie onderhands akkoord ter voorkoming van faillissement (WHOA)'. Het voorontwerp strekt tot invoering van een regeling voor een pre-insolventieakkoord buiten het kader van een formele meeromvattende insolventieprocedure. Aan dit voorontwerp ging vooraf het 'Voorontwerp Wet continuïteit ondernemingen IIDit voorontwerp markeert een fundamentele vernieuwing van het recht die van groot belang is voor alle betrokkenen bij grote organisaties, zowel kapitaalverschaffers, crediteuren en werknemers. Deelonderwerpen en preadviseurs: De akkoordprocedure onder het Voorontwerp - Mr. dr. N.W.A. Tollenaar, advocaat bij RESOR te Amsterdam, Flankerende voorzieningen - Prof. mr. dr. F.M.J. Verstijlen, hoogleraar aan de Rijksuniversiteit Groningen, Vennootschaps- en effectenrechtelijke aspecten - Mr. M.W. Josephus Jitta, advocaat bij ENSPIGT te Amsterdam, Internationale aspecten - Prof. mr. dr. P.M. Veder, hoogleraar aan de Radboud Universiteit te Nijmegen en adviseur bij RESOR te Amsterdam en Prof. mr. dr. J.J. van Hees, advocaat bij RESOR te Amsterdam en hoogleraar aan de Radboud Universiteit te Nijmegen, Processuele aspecten bezien vanuit rechterlijk perspectief - Mr. M.H.F. van Vugt, rechter-commissaris te Utrecht en voorzitter van Recofa, Fiscale aspecten - Prof. mr. dr. A.C.P. Bobeldijk, hoogleraar vennootschapsbelasting aan Nyenrode Business Universiteit en tax partner bij Loyens & Loeff te Amsterdam</Text>
            </TextContent>
        </CollateralDetail>
        <PublishingDetail>
            <Publisher>
                <PublishingRole><![CDATA[01]]></PublishingRole>
                <PublisherName><![CDATA[Paris]]></PublisherName>
            </Publisher>
            <CityOfPublication></CityOfPublication>
            <PublishingStatus><![CDATA[04]]></PublishingStatus>
            <PublishingDate>
                <PublishingDateRole><![CDATA[01]]></PublishingDateRole>
                <Date dateformat="00"><![CDATA[16-11-2017]]></Date>
            </PublishingDate>
            <PublishingDate>
                <PublishingDateRole><![CDATA[01]]></PublishingDateRole>
                <Date dateformat="05"><![CDATA[2017]]></Date>
            </PublishingDate>
        </PublishingDetail>
        <RelatedMaterial>
            <RelatedProduct>
                <ProductRelationCode><![CDATA[13]]></ProductRelationCode>
                <ProductIdentifier>
                    <ProductIDType><![CDATA[15]]></ProductIDType>
                    <IDValue><![CDATA[9789462511507]]></IDValue>
                </ProductIdentifier>
            </RelatedProduct>
        </RelatedMaterial>
        <ProductSupply>
            <SupplyDetail>
                <Supplier>
                    <SupplierRole></SupplierRole>
                    <SupplierName></SupplierName>
                </Supplier>
                <ProductAvailability></ProductAvailability>
                <Price>
                    <PriceType><![CDATA[01]]></PriceType>
                    <PriceAmount><![CDATA[48.17]]></PriceAmount>
                    <CurrencyCode><![CDATA[EUR]]></CurrencyCode>
                </Price>
            </SupplyDetail>
        </ProductSupply>
    </Product>
</ONIXMessage>
