<?xml version="1.0" encoding="UTF-8" standalone="yes"?>
<ONIXMessage xmlns="http://ns.editeur.org/onix/3.0/reference" xmlns:xsi="http://www.w3.org/2001/XMLSchema-instance" xsi:schemaLocation="http://ns.editeur.org/onix/3.0/reference ONIX_BookProduct_3.0_reference.xsd">
    <Header>
        <Sender>
            <SenderName></SenderName>
        </Sender>
        <SentDateTime></SentDateTime>
        <DefaultPriceType></DefaultPriceType>
        <DefaultCurrencyCode></DefaultCurrencyCode>
    </Header>
    <Product>
        <RecordReference></RecordReference>
        <NotificationType></NotificationType>
        <ProductIdentifier>
            <ProductIDType></ProductIDType>
            <IDValue></IDValue>
        </ProductIdentifier>
        <DescriptiveDetail>
            <ProductComposition></ProductComposition>
            <ProductForm></ProductForm>
            <Collection>
                <CollectionType><![CDATA[10]]></CollectionType>
                <TitleDetail>
                    <TitleType></TitleType>
                    <TitleElement>
                        <TitleElementLevel></TitleElementLevel>
                        <PartNumber><![CDATA[3]]></PartNumber>
                        <TitleText><![CDATA[Serie Bouw- en Aanbestedingsrecht (serie)]]></TitleText>
                    </TitleElement>
                </TitleDetail>
            </Collection>
            <TitleDetail>
                <TitleType></TitleType>
                <TitleElement>
                    <TitleElementLevel></TitleElementLevel>
                    <TitleText><![CDATA[Bouwrecht deel 3]]></TitleText>
                    <Subtitle></Subtitle>
                </TitleElement>
            </TitleDetail>
            <Contributor>
                <SequenceNumber><![CDATA[1]]></SequenceNumber>
                <ContributorRole><![CDATA[A01]]></ContributorRole>
                <PersonName><![CDATA[Chao-Duivis, M.A.B.]]></PersonName>
            </Contributor>
            <Contributor>
                <SequenceNumber><![CDATA[2]]></SequenceNumber>
                <ContributorRole><![CDATA[A01]]></ContributorRole>
                <PersonName><![CDATA[Wijngaarden, M.A. van]]></PersonName>
            </Contributor>
            <EditionNumber><![CDATA[9]]></EditionNumber>
            <Extent>
                <ExtentType></ExtentType>
                <ExtentValue></ExtentValue>
                <ExtentUnit></ExtentUnit>
            </Extent>
            <Subject>
                <SubjectSchemeIdentifier><![CDATA[23]]></SubjectSchemeIdentifier>
                <SubjectCode><![CDATA[Privaatrecht]]></SubjectCode>
                <SubjectHeadingText><![CDATA[Privaatrecht]]></SubjectHeadingText>
            </Subject>
        </DescriptiveDetail>
        <CollateralDetail>
            <TextContent>
                <TextType><![CDATA[03]]></TextType>
                <ContentAudience></ContentAudience>
                <Text textformat="02">In de Serie Bouw- en Aanbestedingsrecht geeft de auteur een op de praktijk gerichte behandeling van de belangrijkste onderwerpen uit het bouw- en aanbestedingsrecht. Centraal staat de behandeling van de verschillende algemene voorwaarden in de bouw. Het commentaar van de schrijver op elk van deze algemene voorwaarden is voorzien van veel jurisprudentie, ook die niet elders is gepubliceerd, met name van de Raad van Arbitrage voor de Bouw alsmede de overheidsrechter. Op deze wijze worden de belangrijkste onderwerpen uit het bouw- en aanbestedingsrecht in deeltjes van beperkte omvang, doch tamelijk uitputtend, behandeld. Daarbij komen in de eerste plaats die onderwerpen aan de orde, die in de praktijk het meest aanleiding tot conflicten geven. Deel 3 behandelt: Hoofdstuk 6: aanvang en uitvoeringsduur van het werk, Hoofdstuk 7: verplichtingen en risico 's met betrekking tot aanvang en uitvoeringsduur van het werk. Bij de negende druk. In deze negende druk is rekening gehouden met de publicatie van de AVA 2013, die AVA 1992 vervangt. Voorts is weer veel rechtspraak van zowel de RvA als van de overheidsrechter opgenomen en geordend in beeld gebracht. Daarnaast is in deze druk de inhoud van de nummers 190 en 191 inzake tijdige coördinatie verwijderd en overgebracht naar deel 13. De reden is dat het meer voor de hand ligt alle aspecten van coördinatie bij elkaar te behandelen. Gekozen is voor deel 13, waar het onderwerp coördinatie eveneens aan de orde komt. Mr. M.A. van Wijngaarden: in leven emeritus hoogleraar bouwrecht aan de Rijksuniversiteit Leiden. Prof. mr. dr. M.A.B. Chao-Duivis: hoogleraar bouwrecht aan de Technische Universiteit Delft</Text>
            </TextContent>
        </CollateralDetail>
        <PublishingDetail>
            <Publisher>
                <PublishingRole><![CDATA[01]]></PublishingRole>
                <PublisherName><![CDATA[Paris]]></PublisherName>
            </Publisher>
            <CityOfPublication></CityOfPublication>
            <PublishingStatus><![CDATA[04]]></PublishingStatus>
            <PublishingDate>
                <PublishingDateRole><![CDATA[01]]></PublishingDateRole>
                <Date dateformat="00"><![CDATA[11-06-2015]]></Date>
            </PublishingDate>
            <PublishingDate>
                <PublishingDateRole><![CDATA[01]]></PublishingDateRole>
                <Date dateformat="05"><![CDATA[2015]]></Date>
            </PublishingDate>
        </PublishingDetail>
        <RelatedMaterial>
            <RelatedProduct>
                <ProductRelationCode><![CDATA[13]]></ProductRelationCode>
                <ProductIdentifier>
                    <ProductIDType><![CDATA[15]]></ProductIDType>
                    <IDValue><![CDATA[9789462510739]]></IDValue>
                </ProductIdentifier>
            </RelatedProduct>
        </RelatedMaterial>
        <ProductSupply>
            <SupplyDetail>
                <Supplier>
                    <SupplierRole></SupplierRole>
                    <SupplierName></SupplierName>
                </Supplier>
                <ProductAvailability></ProductAvailability>
                <Price>
                    <PriceType><![CDATA[01]]></PriceType>
                    <PriceAmount><![CDATA[79.82]]></PriceAmount>
                    <CurrencyCode><![CDATA[EUR]]></CurrencyCode>
                </Price>
            </SupplyDetail>
        </ProductSupply>
    </Product>
</ONIXMessage>
