<?xml version="1.0" encoding="UTF-8" standalone="yes"?>
<ONIXMessage xmlns="http://ns.editeur.org/onix/3.0/reference" xmlns:xsi="http://www.w3.org/2001/XMLSchema-instance" xsi:schemaLocation="http://ns.editeur.org/onix/3.0/reference ONIX_BookProduct_3.0_reference.xsd">
    <Header>
        <Sender>
            <SenderName></SenderName>
        </Sender>
        <SentDateTime></SentDateTime>
        <DefaultPriceType></DefaultPriceType>
        <DefaultCurrencyCode></DefaultCurrencyCode>
    </Header>
    <Product>
        <RecordReference></RecordReference>
        <NotificationType></NotificationType>
        <ProductIdentifier>
            <ProductIDType></ProductIDType>
            <IDValue></IDValue>
        </ProductIdentifier>
        <DescriptiveDetail>
            <ProductComposition></ProductComposition>
            <ProductForm></ProductForm>
            <Collection>
                <CollectionType><![CDATA[10]]></CollectionType>
                <TitleDetail>
                    <TitleType></TitleType>
                    <TitleElement>
                        <TitleElementLevel></TitleElementLevel>
                        <PartNumber></PartNumber>
                        <TitleText></TitleText>
                    </TitleElement>
                </TitleDetail>
            </Collection>
            <TitleDetail>
                <TitleType></TitleType>
                <TitleElement>
                    <TitleElementLevel></TitleElementLevel>
                    <TitleText><![CDATA[Over eigenlijke en oneigenlijke conservatoire vreemdelingenbeslagen]]></TitleText>
                    <Subtitle></Subtitle>
                </TitleElement>
            </TitleDetail>
            <Contributor>
                <SequenceNumber><![CDATA[1]]></SequenceNumber>
                <ContributorRole><![CDATA[A01]]></ContributorRole>
                <PersonName><![CDATA[Broekveldt, L.P.]]></PersonName>
            </Contributor>
            <EditionNumber></EditionNumber>
            <Extent>
                <ExtentType></ExtentType>
                <ExtentValue></ExtentValue>
                <ExtentUnit></ExtentUnit>
            </Extent>
            <Subject>
                <SubjectSchemeIdentifier><![CDATA[23]]></SubjectSchemeIdentifier>
                <SubjectCode><![CDATA[Privaatrecht]]></SubjectCode>
                <SubjectHeadingText><![CDATA[Privaatrecht]]></SubjectHeadingText>
            </Subject>
        </DescriptiveDetail>
        <CollateralDetail>
            <TextContent>
                <TextType><![CDATA[03]]></TextType>
                <ContentAudience></ContentAudience>
                <Text textformat="02">In deze monografie wordt een onderscheid gemaakt tussen eigenlijke en oneigenlijke – ook wel aangeduid als zuivere en onzuivere – conservatoire vreemdelingenbeslagen. In art. 767 Rv is het eigenlijke (conservatoir) vreemdelingenbeslag vormgegeven, in zijn functie van rechtsmachtscheppend beslag en komt het louter in de conservatoire vorm voor. Beslissend is of de schuldenaar, die als regel een ‘vreemdeling’ zal zijn, over hier te lande voor beslag vatbare vermogensbestanddelen beschikt. In een zodanig geval, dat zich niet heel regelmatig voordoet (maar tegenwoordig wel vaker), zal een Nederlandse of een buitenlandse schuldeiser bij de Nederlandse rechter een executoriale titel tegen die ‘vreemdeling’ kunnen verkrijgen. In de meeste gevallen zal het daarbij gaan om betaling van een geldsom, maar het panorama is daartoe niet beperkt (vgl. art. 765 Rv). Zo is het bijvoorbeeld ook mogelijk dat een vreemdelingenbeslag wordt gelegd tot levering van een goed op naam, zoals een onroerende zaak. Echter, indien de schuldeiser op grond van een forumkeuzebeding of een bevoegdheidsverdrag in een ander land moet procederen, dan zal het van de aanwezigheid van internationale executieverdragen afhangen of die schuldeiser daarna dat vreemde vonnis in Nederland ten uitvoer kan leggen. Ook in dat processuele kader zal er een conservatoir beslag op de activa van de schuldenaar kunnen worden gelegd, maar dan is géén sprake van een zuiver conservatoir vreemdelingenbeslag, maar juist van de onzuivere variant ervan. Deze verschillende mogelijkheden, waaronder met name ook die ex art. 431 lid 2 Rv – ingevolge waarvan op grond van het buitenlandse vonnis het geding opnieuw bij de Nederlandse rechter aanhangig kan worden gemaakt –, zullen alle in deze monografie de revue passeren. Een aantal recente arresten van de Hoge Raad kon hierbij de nodige steun en inspiratie bieden, ook omdat het hier gaat om een niet al te toegankelijk rechtsgebied dat in de gangbare literatuur over het beslag- en procesrecht niet ruim aandacht heeft gekregen.</Text>
            </TextContent>
        </CollateralDetail>
        <PublishingDetail>
            <Publisher>
                <PublishingRole><![CDATA[01]]></PublishingRole>
                <PublisherName><![CDATA[Paris]]></PublisherName>
            </Publisher>
            <CityOfPublication></CityOfPublication>
            <PublishingStatus><![CDATA[04]]></PublishingStatus>
            <PublishingDate>
                <PublishingDateRole><![CDATA[01]]></PublishingDateRole>
                <Date dateformat="00"><![CDATA[07-03-2017]]></Date>
            </PublishingDate>
            <PublishingDate>
                <PublishingDateRole><![CDATA[01]]></PublishingDateRole>
                <Date dateformat="05"><![CDATA[2017]]></Date>
            </PublishingDate>
        </PublishingDetail>
        <RelatedMaterial>
            <RelatedProduct>
                <ProductRelationCode><![CDATA[13]]></ProductRelationCode>
                <ProductIdentifier>
                    <ProductIDType><![CDATA[15]]></ProductIDType>
                    <IDValue><![CDATA[9789462511255]]></IDValue>
                </ProductIdentifier>
            </RelatedProduct>
        </RelatedMaterial>
        <ProductSupply>
            <SupplyDetail>
                <Supplier>
                    <SupplierRole></SupplierRole>
                    <SupplierName></SupplierName>
                </Supplier>
                <ProductAvailability></ProductAvailability>
                <Price>
                    <PriceType><![CDATA[01]]></PriceType>
                    <PriceAmount><![CDATA[25.23]]></PriceAmount>
                    <CurrencyCode><![CDATA[EUR]]></CurrencyCode>
                </Price>
            </SupplyDetail>
        </ProductSupply>
    </Product>
</ONIXMessage>
