<?xml version="1.0" encoding="UTF-8" standalone="yes"?>
<ONIXMessage xmlns="http://ns.editeur.org/onix/3.0/reference" xmlns:xsi="http://www.w3.org/2001/XMLSchema-instance" xsi:schemaLocation="http://ns.editeur.org/onix/3.0/reference ONIX_BookProduct_3.0_reference.xsd">
    <Header>
        <Sender>
            <SenderName></SenderName>
        </Sender>
        <SentDateTime></SentDateTime>
        <DefaultPriceType></DefaultPriceType>
        <DefaultCurrencyCode></DefaultCurrencyCode>
    </Header>
    <Product>
        <RecordReference></RecordReference>
        <NotificationType></NotificationType>
        <ProductIdentifier>
            <ProductIDType></ProductIDType>
            <IDValue></IDValue>
        </ProductIdentifier>
        <DescriptiveDetail>
            <ProductComposition></ProductComposition>
            <ProductForm></ProductForm>
            <Collection>
                <CollectionType><![CDATA[10]]></CollectionType>
                <TitleDetail>
                    <TitleType></TitleType>
                    <TitleElement>
                        <TitleElementLevel></TitleElementLevel>
                        <PartNumber><![CDATA[14]]></PartNumber>
                        <TitleText><![CDATA[ACIS-Serie]]></TitleText>
                    </TitleElement>
                </TitleDetail>
            </Collection>
            <TitleDetail>
                <TitleType></TitleType>
                <TitleElement>
                    <TitleElementLevel></TitleElementLevel>
                    <TitleText><![CDATA[De precontractuele mededelingsplicht van de verzekeringnemer in rechtsvergelijkend perspectief]]></TitleText>
                    <Subtitle></Subtitle>
                </TitleElement>
            </TitleDetail>
            <Contributor>
                <SequenceNumber><![CDATA[1]]></SequenceNumber>
                <ContributorRole><![CDATA[A01]]></ContributorRole>
                <PersonName><![CDATA[Engel, K.]]></PersonName>
            </Contributor>
            <EditionNumber></EditionNumber>
            <Extent>
                <ExtentType></ExtentType>
                <ExtentValue></ExtentValue>
                <ExtentUnit></ExtentUnit>
            </Extent>
            <Subject>
                <SubjectSchemeIdentifier><![CDATA[23]]></SubjectSchemeIdentifier>
                <SubjectCode><![CDATA[Privaatrecht]]></SubjectCode>
                <SubjectHeadingText><![CDATA[Privaatrecht]]></SubjectHeadingText>
            </Subject>
        </DescriptiveDetail>
        <CollateralDetail>
            <TextContent>
                <TextType><![CDATA[03]]></TextType>
                <ContentAudience></ContentAudience>
                <Text textformat="02">Dit proefschrift gaat over de precontractuele mededelingsplicht van de verzekeringnemer. De auteur promoveerde cum laude op 23 september 2016. Het Nederlandse verzekeringsrecht ter zake wordt uitvoerig besproken, maar ook het Duitse, Franse, Engelse, Zwitserse en Belgische verzekeringsrecht en de Principles of European Insurance Contract Law. Voorts besteedt de auteur aandacht aan de wetsgeschiedenis en aan het oude Nederlandse verzekeringsrecht met betrekking tot de precontractuele mededelingsplicht. Welke feiten moet een (aspirant-)verzekeringnemer mededelen aan de verzekeraar bij het sluiten van een verzekeringsovereenkomst? Welke rechten komen de verzekeraar toe, indien de precontractuele mededelingsplicht geschonden is? Aan welke voorwaarden moet zijn voldaan alvorens de verzekeraar het recht heeft een schending van de mededelingsplicht te sanctioneren? Deze en andere onderwerpen worden in dit proefschrift uitvoerig besproken. Dit proefschrift is van belang voor de praktijk, aangezien er vaak wordt geprocedeerd tussen verzekeraars en verzekeringnemers naar aanleiding van een weigering van de verzekeraar om (geheel) uit te keren vanwege een (vermeende) schending van de precontractuele mededelingsplicht. Kees Engel (1984) studeerde af aan de Universiteit van Amsterdam. Tijdens zijn promotieonderzoek aan de Open Universiteit (2012-2016) werkte hij als wetenschappelijk medewerker bij JPR Advocaten, als docent aan de Universiteit van Amsterdam en als redactioneel secretaris van het European Journal of Commercial Contract Law. Hiernaast schreef hij diverse wetenschappelijke artikelen en verzorgde hij een aantal lezingen voor het Amsterdam Centre for Insurance Studies.</Text>
            </TextContent>
        </CollateralDetail>
        <PublishingDetail>
            <Publisher>
                <PublishingRole><![CDATA[01]]></PublishingRole>
                <PublisherName><![CDATA[Paris]]></PublisherName>
            </Publisher>
            <CityOfPublication></CityOfPublication>
            <PublishingStatus><![CDATA[04]]></PublishingStatus>
            <PublishingDate>
                <PublishingDateRole><![CDATA[01]]></PublishingDateRole>
                <Date dateformat="00"><![CDATA[26-09-2016]]></Date>
            </PublishingDate>
            <PublishingDate>
                <PublishingDateRole><![CDATA[01]]></PublishingDateRole>
                <Date dateformat="05"><![CDATA[2016]]></Date>
            </PublishingDate>
        </PublishingDetail>
        <RelatedMaterial>
            <RelatedProduct>
                <ProductRelationCode><![CDATA[13]]></ProductRelationCode>
                <ProductIdentifier>
                    <ProductIDType><![CDATA[15]]></ProductIDType>
                    <IDValue><![CDATA[9789462511132]]></IDValue>
                </ProductIdentifier>
            </RelatedProduct>
        </RelatedMaterial>
        <ProductSupply>
            <SupplyDetail>
                <Supplier>
                    <SupplierRole></SupplierRole>
                    <SupplierName></SupplierName>
                </Supplier>
                <ProductAvailability></ProductAvailability>
                <Price>
                    <PriceType><![CDATA[01]]></PriceType>
                    <PriceAmount><![CDATA[94.95]]></PriceAmount>
                    <CurrencyCode><![CDATA[EUR]]></CurrencyCode>
                </Price>
            </SupplyDetail>
        </ProductSupply>
    </Product>
</ONIXMessage>
