<?xml version="1.0" encoding="UTF-8" standalone="yes"?>
<ONIXMessage xmlns="http://ns.editeur.org/onix/3.0/reference" xmlns:xsi="http://www.w3.org/2001/XMLSchema-instance" xsi:schemaLocation="http://ns.editeur.org/onix/3.0/reference ONIX_BookProduct_3.0_reference.xsd">
    <Header>
        <Sender>
            <SenderName></SenderName>
        </Sender>
        <SentDateTime></SentDateTime>
        <DefaultPriceType></DefaultPriceType>
        <DefaultCurrencyCode></DefaultCurrencyCode>
    </Header>
    <Product>
        <RecordReference></RecordReference>
        <NotificationType></NotificationType>
        <ProductIdentifier>
            <ProductIDType></ProductIDType>
            <IDValue></IDValue>
        </ProductIdentifier>
        <DescriptiveDetail>
            <ProductComposition></ProductComposition>
            <ProductForm></ProductForm>
            <Collection>
                <CollectionType><![CDATA[10]]></CollectionType>
                <TitleDetail>
                    <TitleType></TitleType>
                    <TitleElement>
                        <TitleElementLevel></TitleElementLevel>
                        <PartNumber></PartNumber>
                        <TitleText><![CDATA[Parlementaire geschiedenis arbeidsrecht]]></TitleText>
                    </TitleElement>
                </TitleDetail>
            </Collection>
            <TitleDetail>
                <TitleType></TitleType>
                <TitleElement>
                    <TitleElementLevel></TitleElementLevel>
                    <TitleText><![CDATA[Arbeidsomstandighedenwet]]></TitleText>
                    <Subtitle></Subtitle>
                </TitleElement>
            </TitleDetail>
            <Contributor>
                <SequenceNumber><![CDATA[1]]></SequenceNumber>
                <ContributorRole><![CDATA[A01]]></ContributorRole>
                <PersonName><![CDATA[Drongelen, J. van (red.)]]></PersonName>
            </Contributor>
            <EditionNumber></EditionNumber>
            <Extent>
                <ExtentType></ExtentType>
                <ExtentValue></ExtentValue>
                <ExtentUnit></ExtentUnit>
            </Extent>
            <Subject>
                <SubjectSchemeIdentifier><![CDATA[23]]></SubjectSchemeIdentifier>
                <SubjectCode><![CDATA[Arbeids- en sociale zekerheidsrecht]]></SubjectCode>
                <SubjectHeadingText><![CDATA[Arbeids- en sociale zekerheidsrecht]]></SubjectHeadingText>
            </Subject>
        </DescriptiveDetail>
        <CollateralDetail>
            <TextContent>
                <TextType><![CDATA[03]]></TextType>
                <ContentAudience></ContentAudience>
                <Text textformat="02">De arbeidsmarkt verandert en de duurzame inzetbaarheid van de beroepsbevolking wordt van steeds groter belang. Tegen die achtergrond is de Arbeidsomstandighedenwet aangepast met in het bijzonder een wijziging met betrekking tot de betrokkenheid van werkgevers en werknemers bij de arbodienstverlening, de preventie in het bedrijf, en de randvoorwaarden voor het handelen van de bedrijfsarts. De bedrijfsgezondheidszorg, als onderdeel van de arbodienstverlening, speelt een rol bij de bevordering van de arbeidsparticipatie van werknemers en het beschermen van hun gezondheid. Het draagt bij aan de beheersing van het verzuim door ziekte en de instroom in arbeidsongeschiktheidsregelingen. Ook is van de gelegenheid gebruikgemaakt om enkele technische wijzigingen in de Arbeidsomstandighedenwet aan te brengen. Dit boek behandelt de parlementaire geschiedenis van deze wijzigingswet. Een wijziging in een wettelijk voorschrift wordt (waar nodig) voorafgegaan door de oude (te wijzigen) wettekst. Het wijzigingsonderdeel sluit af met het wettelijk voorschrift waarin de wijzigingen zijn aangebracht. Van de mondelinge behandeling van het voorstel van wet is alleen datgene opgenomen dat iets toevoegt in vergelijking met de schriftelijke behandeling van het voorstel van wet. In de marge is aangegeven welk onderdeel van de parlementaire behandeling aan de orde is. Met de margetekst ‘VvW/wettekst’ is aangegeven dat het voorstel van wet geen wijziging heeft ondergaan.</Text>
            </TextContent>
        </CollateralDetail>
        <PublishingDetail>
            <Publisher>
                <PublishingRole><![CDATA[01]]></PublishingRole>
                <PublisherName><![CDATA[Paris]]></PublisherName>
            </Publisher>
            <CityOfPublication></CityOfPublication>
            <PublishingStatus><![CDATA[04]]></PublishingStatus>
            <PublishingDate>
                <PublishingDateRole><![CDATA[01]]></PublishingDateRole>
                <Date dateformat="00"><![CDATA[24-08-2018]]></Date>
            </PublishingDate>
            <PublishingDate>
                <PublishingDateRole><![CDATA[01]]></PublishingDateRole>
                <Date dateformat="05"><![CDATA[2018]]></Date>
            </PublishingDate>
        </PublishingDetail>
        <RelatedMaterial>
            <RelatedProduct>
                <ProductRelationCode><![CDATA[13]]></ProductRelationCode>
                <ProductIdentifier>
                    <ProductIDType><![CDATA[15]]></ProductIDType>
                    <IDValue><![CDATA[9789462511866]]></IDValue>
                </ProductIdentifier>
            </RelatedProduct>
        </RelatedMaterial>
        <ProductSupply>
            <SupplyDetail>
                <Supplier>
                    <SupplierRole></SupplierRole>
                    <SupplierName></SupplierName>
                </Supplier>
                <ProductAvailability></ProductAvailability>
                <Price>
                    <PriceType><![CDATA[01]]></PriceType>
                    <PriceAmount><![CDATA[34.4]]></PriceAmount>
                    <CurrencyCode><![CDATA[EUR]]></CurrencyCode>
                </Price>
            </SupplyDetail>
        </ProductSupply>
    </Product>
</ONIXMessage>
