<?xml version="1.0" encoding="UTF-8" standalone="yes"?>
<ONIXMessage xmlns="http://ns.editeur.org/onix/3.0/reference" xmlns:xsi="http://www.w3.org/2001/XMLSchema-instance" xsi:schemaLocation="http://ns.editeur.org/onix/3.0/reference ONIX_BookProduct_3.0_reference.xsd">
    <Header>
        <Sender>
            <SenderName></SenderName>
        </Sender>
        <SentDateTime></SentDateTime>
        <DefaultPriceType></DefaultPriceType>
        <DefaultCurrencyCode></DefaultCurrencyCode>
    </Header>
    <Product>
        <RecordReference></RecordReference>
        <NotificationType></NotificationType>
        <ProductIdentifier>
            <ProductIDType></ProductIDType>
            <IDValue></IDValue>
        </ProductIdentifier>
        <DescriptiveDetail>
            <ProductComposition></ProductComposition>
            <ProductForm></ProductForm>
            <Collection>
                <CollectionType><![CDATA[10]]></CollectionType>
                <TitleDetail>
                    <TitleType></TitleType>
                    <TitleElement>
                        <TitleElementLevel></TitleElementLevel>
                        <PartNumber><![CDATA[1]]></PartNumber>
                        <TitleText><![CDATA[Collectief arbeidsrecht]]></TitleText>
                    </TitleElement>
                </TitleDetail>
            </Collection>
            <TitleDetail>
                <TitleType></TitleType>
                <TitleElement>
                    <TitleElementLevel></TitleElementLevel>
                    <TitleText><![CDATA[Collectief Arbeidsrecht deel 1]]></TitleText>
                    <Subtitle></Subtitle>
                </TitleElement>
            </TitleDetail>
            <Contributor>
                <SequenceNumber><![CDATA[1]]></SequenceNumber>
                <ContributorRole><![CDATA[A01]]></ContributorRole>
                <PersonName><![CDATA[Drongelen, J. van]]></PersonName>
            </Contributor>
            <Contributor>
                <SequenceNumber><![CDATA[2]]></SequenceNumber>
                <ContributorRole><![CDATA[A01]]></ContributorRole>
                <PersonName><![CDATA[Jellinghaus, S.F.H.]]></PersonName>
            </Contributor>
            <EditionNumber><![CDATA[4]]></EditionNumber>
            <Extent>
                <ExtentType></ExtentType>
                <ExtentValue></ExtentValue>
                <ExtentUnit></ExtentUnit>
            </Extent>
            <Subject>
                <SubjectSchemeIdentifier><![CDATA[23]]></SubjectSchemeIdentifier>
                <SubjectCode><![CDATA[Arbeids- en sociale zekerheidsrecht]]></SubjectCode>
                <SubjectHeadingText><![CDATA[Arbeids- en sociale zekerheidsrecht]]></SubjectHeadingText>
            </Subject>
        </DescriptiveDetail>
        <CollateralDetail>
            <TextContent>
                <TextType><![CDATA[03]]></TextType>
                <ContentAudience></ContentAudience>
                <Text textformat="02">Dit boek maakt deel uit van een reeks die het collectief arbeidsrecht als onderwerp heeft. Het collectief arbeidsrecht wordt omschreven als geheel van rechtsregels dat betrekking heeft op de werkgevers- en werknemersorganisaties, de collectieve onderhandelingen over de arbeidsvoorwaarden, de overheidsinvloed op deze onderhandelingen en het collectieve actierecht. Steeds vaker wordt het medezeggenschapsrecht hieraan toegevoegd. In dit boek wordt na een inleidend historisch hoofdstuk de Wet op de ondernemingsraden in zestien hoofdstukken behandeld. Er is gekozen voor een onderwerpsgewijze benadering, zoals de instelling, de samenstelling en de verkiezing van de medezeggenschapsorganen, maar ook de werkwijze van de medezeggenschapsorganen en de faciliteiten en voorzieningen die zij hebben gekregen om hun taken naar behoren uit te voeren, het overleg dat met de ondernemer wordt gevoerd en natuurlijk de verschillende rechten die de medezeggenschapsorganen hebben, zoals het informatierecht, het advies- en instemmingsrecht. Ook de mogelijkheden om de bevoegdheden van de medezeggenschapsorganen uit te breiden en de rechtspositie van de leden van de medezeggenschapsorganen komen aan de orde. Als laatste worden de verschillende procesrechtelijke aspecten behandeld. Bij het tot stand brengen van dit boek is veel aandacht geschonken aan de parlementaire stukken, de literatuur en de rechtspraak. Om de toegankelijkheid van het boek te vergroten is gebruikgemaakt van een fijnmazige hoofdstukindeling, zodat een bepaald onderwerp snel terug is te vinden. Ook is ervoor gezorgd dat de leesbaarheid optimaal is. De auteurs vertrouwen erop dat dit boek een nuttig naslagwerk is voor de praktijk.</Text>
            </TextContent>
        </CollateralDetail>
        <PublishingDetail>
            <Publisher>
                <PublishingRole><![CDATA[01]]></PublishingRole>
                <PublisherName><![CDATA[Paris]]></PublisherName>
            </Publisher>
            <CityOfPublication></CityOfPublication>
            <PublishingStatus><![CDATA[04]]></PublishingStatus>
            <PublishingDate>
                <PublishingDateRole><![CDATA[01]]></PublishingDateRole>
                <Date dateformat="00"><![CDATA[31-05-2018]]></Date>
            </PublishingDate>
            <PublishingDate>
                <PublishingDateRole><![CDATA[01]]></PublishingDateRole>
                <Date dateformat="05"><![CDATA[2018]]></Date>
            </PublishingDate>
        </PublishingDetail>
        <RelatedMaterial>
            <RelatedProduct>
                <ProductRelationCode><![CDATA[13]]></ProductRelationCode>
                <ProductIdentifier>
                    <ProductIDType><![CDATA[15]]></ProductIDType>
                    <IDValue><![CDATA[9789462511736]]></IDValue>
                </ProductIdentifier>
            </RelatedProduct>
        </RelatedMaterial>
        <ProductSupply>
            <SupplyDetail>
                <Supplier>
                    <SupplierRole></SupplierRole>
                    <SupplierName></SupplierName>
                </Supplier>
                <ProductAvailability></ProductAvailability>
                <Price>
                    <PriceType><![CDATA[01]]></PriceType>
                    <PriceAmount><![CDATA[70.64]]></PriceAmount>
                    <CurrencyCode><![CDATA[EUR]]></CurrencyCode>
                </Price>
            </SupplyDetail>
        </ProductSupply>
    </Product>
</ONIXMessage>
