<?xml version="1.0" encoding="UTF-8" standalone="yes"?>
<ONIXMessage xmlns="http://ns.editeur.org/onix/3.0/reference" xmlns:xsi="http://www.w3.org/2001/XMLSchema-instance" xsi:schemaLocation="http://ns.editeur.org/onix/3.0/reference ONIX_BookProduct_3.0_reference.xsd">
    <Header>
        <Sender>
            <SenderName></SenderName>
        </Sender>
        <SentDateTime></SentDateTime>
        <DefaultPriceType></DefaultPriceType>
        <DefaultCurrencyCode></DefaultCurrencyCode>
    </Header>
    <Product>
        <RecordReference></RecordReference>
        <NotificationType></NotificationType>
        <ProductIdentifier>
            <ProductIDType></ProductIDType>
            <IDValue></IDValue>
        </ProductIdentifier>
        <DescriptiveDetail>
            <ProductComposition></ProductComposition>
            <ProductForm></ProductForm>
            <Collection>
                <CollectionType><![CDATA[10]]></CollectionType>
                <TitleDetail>
                    <TitleType></TitleType>
                    <TitleElement>
                        <TitleElementLevel></TitleElementLevel>
                        <PartNumber><![CDATA[9]]></PartNumber>
                        <TitleText><![CDATA[Financieel Juridische Reeks]]></TitleText>
                    </TitleElement>
                </TitleDetail>
            </Collection>
            <TitleDetail>
                <TitleType></TitleType>
                <TitleElement>
                    <TitleElementLevel></TitleElementLevel>
                    <TitleText><![CDATA[Algemene Bankvoorwaarden 2017: modernisering in klare taal]]></TitleText>
                    <Subtitle></Subtitle>
                </TitleElement>
            </TitleDetail>
            <Contributor>
                <SequenceNumber><![CDATA[1]]></SequenceNumber>
                <ContributorRole><![CDATA[A01]]></ContributorRole>
                <PersonName><![CDATA[Burgh, B.B. van der]]></PersonName>
            </Contributor>
            <Contributor>
                <SequenceNumber><![CDATA[2]]></SequenceNumber>
                <ContributorRole><![CDATA[A01]]></ContributorRole>
                <PersonName><![CDATA[Krijnen, B.]]></PersonName>
            </Contributor>
            <EditionNumber></EditionNumber>
            <Extent>
                <ExtentType></ExtentType>
                <ExtentValue></ExtentValue>
                <ExtentUnit></ExtentUnit>
            </Extent>
            <Subject>
                <SubjectSchemeIdentifier><![CDATA[23]]></SubjectSchemeIdentifier>
                <SubjectCode><![CDATA[Recht algemeen]]></SubjectCode>
                <SubjectHeadingText><![CDATA[Recht algemeen]]></SubjectHeadingText>
            </Subject>
        </DescriptiveDetail>
        <CollateralDetail>
            <TextContent>
                <TextType><![CDATA[03]]></TextType>
                <ContentAudience></ContentAudience>
                <Text textformat="02">De Algemene Bankvoorwaarden (ABV) bevatten de basisregels die gelden voor de relatie tussen klant en bank. Alle leden van de Nederlandse Vereniging van Banken (NVB) hanteren dezelfde ABV. Ze hebben betrekking op alle klanten, en ze zijn in beginsel van toepassing op alle rechtsverhoudingen tussen klant en bank. De ABV zijn tweezijdige voorwaarden. Dat wil zeggen dat ze in overleg tussen de NVB en de Consumentenbond zijn opgesteld onder de hoede van de Sociaal-Economische Raad en in dat kader periodiek worden doorgelicht op zaken als duidelijkheid en actualiteit. Als dat gebeurt raadpleegt de NVB ook de belangrijkste ondernemersorganisaties, zoals VNO-NCW, MKB Nederland en ONL voor Ondernemers, in hun hoedanigheid van vertegenwoordigers van de zakelijke klanten. Per 1 maart 2017 zijn de ABV voor de derde keer gewijzigd. De totstandkoming van deze ABV 2017 was aanleiding voor een nieuw deel van de Financieel Juridische Reeks. In deze uitgave beschrijven de auteurs in beknopte vorm de achtergrond en wordingsgeschiedenis van de ABV en geven zij commentaar bij de artikelen van de ABV 2017. Enkele bredere thema's, zoals eenvoudig taalgebruik, de implicaties van de tweezijdigheid van algemene voorwaarden en de bancaire zorgplicht komen wat uitgebreider aan de orde. Mr. Bruno van der Burgh is oud-General Counsel bij de Nederlandse Vereniging van Banken. Hij is in verschillende hoedanigheden betrokken geweest bij de totstandkoming van de ABV 1995, 2009 en 2017. Mevr. mr. Bregje Krijnen is advocaat bij UdinkSchepel Advocaten. Zij treedt regelmatig op als advocaat voor de Consumentenbond. Voordat ze advocaat werd, was ze geruime tijd in dienst bij de Consumentenbond, onder andere als jurist bij de afdeling collectieve belangenbehartiging. Ze was betrokken bij de totstandkoming van de ABV 2009 en 2017.</Text>
            </TextContent>
        </CollateralDetail>
        <PublishingDetail>
            <Publisher>
                <PublishingRole><![CDATA[01]]></PublishingRole>
                <PublisherName><![CDATA[Paris]]></PublisherName>
            </Publisher>
            <CityOfPublication></CityOfPublication>
            <PublishingStatus><![CDATA[04]]></PublishingStatus>
            <PublishingDate>
                <PublishingDateRole><![CDATA[01]]></PublishingDateRole>
                <Date dateformat="00"><![CDATA[23-03-2017]]></Date>
            </PublishingDate>
            <PublishingDate>
                <PublishingDateRole><![CDATA[01]]></PublishingDateRole>
                <Date dateformat="05"><![CDATA[2017]]></Date>
            </PublishingDate>
        </PublishingDetail>
        <RelatedMaterial>
            <RelatedProduct>
                <ProductRelationCode><![CDATA[13]]></ProductRelationCode>
                <ProductIdentifier>
                    <ProductIDType><![CDATA[15]]></ProductIDType>
                    <IDValue><![CDATA[9789462511316]]></IDValue>
                </ProductIdentifier>
            </RelatedProduct>
        </RelatedMaterial>
        <ProductSupply>
            <SupplyDetail>
                <Supplier>
                    <SupplierRole></SupplierRole>
                    <SupplierName></SupplierName>
                </Supplier>
                <ProductAvailability></ProductAvailability>
                <Price>
                    <PriceType><![CDATA[01]]></PriceType>
                    <PriceAmount><![CDATA[30.28]]></PriceAmount>
                    <CurrencyCode><![CDATA[EUR]]></CurrencyCode>
                </Price>
            </SupplyDetail>
        </ProductSupply>
    </Product>
</ONIXMessage>
