<?xml version="1.0" encoding="UTF-8" standalone="yes"?>
<ONIXMessage xmlns="http://ns.editeur.org/onix/3.0/reference" xmlns:xsi="http://www.w3.org/2001/XMLSchema-instance" xsi:schemaLocation="http://ns.editeur.org/onix/3.0/reference ONIX_BookProduct_3.0_reference.xsd">
    <Header>
        <Sender>
            <SenderName></SenderName>
        </Sender>
        <SentDateTime></SentDateTime>
        <DefaultPriceType></DefaultPriceType>
        <DefaultCurrencyCode></DefaultCurrencyCode>
    </Header>
    <Product>
        <RecordReference></RecordReference>
        <NotificationType></NotificationType>
        <ProductIdentifier>
            <ProductIDType></ProductIDType>
            <IDValue></IDValue>
        </ProductIdentifier>
        <DescriptiveDetail>
            <ProductComposition></ProductComposition>
            <ProductForm></ProductForm>
            <Collection>
                <CollectionType><![CDATA[10]]></CollectionType>
                <TitleDetail>
                    <TitleType></TitleType>
                    <TitleElement>
                        <TitleElementLevel></TitleElementLevel>
                        <PartNumber></PartNumber>
                        <TitleText></TitleText>
                    </TitleElement>
                </TitleDetail>
            </Collection>
            <TitleDetail>
                <TitleType></TitleType>
                <TitleElement>
                    <TitleElementLevel></TitleElementLevel>
                    <TitleText><![CDATA[Het ontslagrecht in de praktijk]]></TitleText>
                    <Subtitle></Subtitle>
                </TitleElement>
            </TitleDetail>
            <Contributor>
                <SequenceNumber><![CDATA[1]]></SequenceNumber>
                <ContributorRole><![CDATA[A01]]></ContributorRole>
                <PersonName><![CDATA[Drongelen, J. van]]></PersonName>
            </Contributor>
            <Contributor>
                <SequenceNumber><![CDATA[2]]></SequenceNumber>
                <ContributorRole><![CDATA[A01]]></ContributorRole>
                <PersonName><![CDATA[Drongelen, A. van]]></PersonName>
            </Contributor>
            <Contributor>
                <SequenceNumber><![CDATA[3]]></SequenceNumber>
                <ContributorRole><![CDATA[A01]]></ContributorRole>
                <PersonName><![CDATA[Klingeman, S.]]></PersonName>
            </Contributor>
            <Contributor>
                <SequenceNumber><![CDATA[4]]></SequenceNumber>
                <ContributorRole><![CDATA[A01]]></ContributorRole>
                <PersonName><![CDATA[Rijs, A.D.M. van]]></PersonName>
            </Contributor>
            <EditionNumber><![CDATA[4]]></EditionNumber>
            <Extent>
                <ExtentType></ExtentType>
                <ExtentValue></ExtentValue>
                <ExtentUnit></ExtentUnit>
            </Extent>
            <Subject>
                <SubjectSchemeIdentifier><![CDATA[23]]></SubjectSchemeIdentifier>
                <SubjectCode><![CDATA[Arbeids- en sociale zekerheidsrecht]]></SubjectCode>
                <SubjectHeadingText><![CDATA[Arbeids- en sociale zekerheidsrecht]]></SubjectHeadingText>
            </Subject>
        </DescriptiveDetail>
        <CollateralDetail>
            <TextContent>
                <TextType><![CDATA[03]]></TextType>
                <ContentAudience></ContentAudience>
                <Text textformat="02">Ontslag is in veel gevallen een ingrijpend gebeuren. De werknemer moet bij een (dreigend) ontslag op zoek naar een nieuwe werkkring en kan geconfronteerd worden met een al dan niet langdurige periode van werkloosheid. Dit kan onzekerheid, statusverlies en inkomensachteruitgang met zich brengen. Er moet dus ook niet al te lichtzinnig over ontslag worden gesproken. Er wordt wel eens een vergelijking gemaakt met een rouwproces om aan te geven wat het effect is van het (moeten) verwerken van een gedwongen ontslag, zeker als een werknemer tientallen jaren bij dezelfde werkgever werkzaam is geweest. Ook voor de werkgever is een ontslag geen eenvoudige opgave. Hij zet in de meeste gevallen de eerste stap om de arbeidsrelatie te beëindigen. Daarbij spelen uiteenlopende motieven een rol, bedrijfseconomische en bedrijfsorganisatorische motieven, in de werknemer zelf gelegen redenen en een verstoorde arbeidsrelatie. Bij bedrijfseconomische motieven moet de werkgever een keuze maken; welke werknemers blijven en wie wordt ontslagen? Welke procedure moet worden gevolgd? Als de werkgever niet oplet, kan het effectueren van het ontslag worden vertraagd en kan hij schadevergoeding moeten betalen. Ontslag heeft dus gevolgen voor zijn bedrijfsvoering en ondernemingsbeleid. Dit boek – de titel zegt het al – is geen theoretische beschouwing over het ontslagrecht. De doelstelling van het boek is zo nauw mogelijk te vertrekken vanuit en aan te sluiten bij situaties in de ontslagpraktijk. In de 4e druk zijn verwerkt: de Wet arbeidsmarkt in balans en de wet van 11 juli 2018, met de regeling van de transitievergoeding bij ontslag wegens bedrijfseconomische omstandigheden of langdurige arbeidsongeschiktheid. Laatstgenoemde wetten treden eerst (deels) op 1 januari 2020 of op 1 april 2020 in werking, maar zijn al verwerkt. Verder zijn verwerkt: de Regeling compensatie transitievergoeding langdurige arbeidsongeschiktheid, een wijziging van de Regeling ketenbepaling bijzondere functies en hogere vergoeding kantonrechter, het Besluit werkgebieden UWV 2019 en de nieuwe uitvoeringsregels van het UWV bij ontslag om bedrijfseconomische redenen of langdurige arbeidsongeschiktheid.</Text>
            </TextContent>
        </CollateralDetail>
        <PublishingDetail>
            <Publisher>
                <PublishingRole><![CDATA[01]]></PublishingRole>
                <PublisherName><![CDATA[Paris]]></PublisherName>
            </Publisher>
            <CityOfPublication></CityOfPublication>
            <PublishingStatus><![CDATA[04]]></PublishingStatus>
            <PublishingDate>
                <PublishingDateRole><![CDATA[01]]></PublishingDateRole>
                <Date dateformat="00"><![CDATA[20-08-2019]]></Date>
            </PublishingDate>
            <PublishingDate>
                <PublishingDateRole><![CDATA[01]]></PublishingDateRole>
                <Date dateformat="05"><![CDATA[2019]]></Date>
            </PublishingDate>
        </PublishingDetail>
        <RelatedMaterial>
            <RelatedProduct>
                <ProductRelationCode><![CDATA[13]]></ProductRelationCode>
                <ProductIdentifier>
                    <ProductIDType><![CDATA[15]]></ProductIDType>
                    <IDValue><![CDATA[9789462512078]]></IDValue>
                </ProductIdentifier>
            </RelatedProduct>
        </RelatedMaterial>
        <ProductSupply>
            <SupplyDetail>
                <Supplier>
                    <SupplierRole></SupplierRole>
                    <SupplierName></SupplierName>
                </Supplier>
                <ProductAvailability></ProductAvailability>
                <Price>
                    <PriceType><![CDATA[01]]></PriceType>
                    <PriceAmount><![CDATA[26.15]]></PriceAmount>
                    <CurrencyCode><![CDATA[EUR]]></CurrencyCode>
                </Price>
            </SupplyDetail>
        </ProductSupply>
    </Product>
</ONIXMessage>
