<?xml version="1.0" encoding="UTF-8" standalone="yes"?>
<ONIXMessage xmlns="http://ns.editeur.org/onix/3.0/reference" xmlns:xsi="http://www.w3.org/2001/XMLSchema-instance" xsi:schemaLocation="http://ns.editeur.org/onix/3.0/reference ONIX_BookProduct_3.0_reference.xsd">
    <Header>
        <Sender>
            <SenderName></SenderName>
        </Sender>
        <SentDateTime></SentDateTime>
        <DefaultPriceType></DefaultPriceType>
        <DefaultCurrencyCode></DefaultCurrencyCode>
    </Header>
    <Product>
        <RecordReference></RecordReference>
        <NotificationType></NotificationType>
        <ProductIdentifier>
            <ProductIDType></ProductIDType>
            <IDValue></IDValue>
        </ProductIdentifier>
        <DescriptiveDetail>
            <ProductComposition></ProductComposition>
            <ProductForm></ProductForm>
            <Collection>
                <CollectionType><![CDATA[10]]></CollectionType>
                <TitleDetail>
                    <TitleType></TitleType>
                    <TitleElement>
                        <TitleElementLevel></TitleElementLevel>
                        <PartNumber></PartNumber>
                        <TitleText></TitleText>
                    </TitleElement>
                </TitleDetail>
            </Collection>
            <TitleDetail>
                <TitleType></TitleType>
                <TitleElement>
                    <TitleElementLevel></TitleElementLevel>
                    <TitleText><![CDATA[De tijdelijke arbeidsovereenkomst in de praktijk]]></TitleText>
                    <Subtitle></Subtitle>
                </TitleElement>
            </TitleDetail>
            <Contributor>
                <SequenceNumber><![CDATA[1]]></SequenceNumber>
                <ContributorRole><![CDATA[A01]]></ContributorRole>
                <PersonName><![CDATA[Drongelen, J. van]]></PersonName>
            </Contributor>
            <Contributor>
                <SequenceNumber><![CDATA[2]]></SequenceNumber>
                <ContributorRole><![CDATA[A01]]></ContributorRole>
                <PersonName><![CDATA[Drongelen, A. van]]></PersonName>
            </Contributor>
            <EditionNumber></EditionNumber>
            <Extent>
                <ExtentType></ExtentType>
                <ExtentValue></ExtentValue>
                <ExtentUnit></ExtentUnit>
            </Extent>
            <Subject>
                <SubjectSchemeIdentifier><![CDATA[23]]></SubjectSchemeIdentifier>
                <SubjectCode><![CDATA[Arbeids- en sociale zekerheidsrecht]]></SubjectCode>
                <SubjectHeadingText><![CDATA[Arbeids- en sociale zekerheidsrecht]]></SubjectHeadingText>
            </Subject>
        </DescriptiveDetail>
        <CollateralDetail>
            <TextContent>
                <TextType><![CDATA[03]]></TextType>
                <ContentAudience></ContentAudience>
                <Text textformat="02">De regeling van de tijdelijke arbeidsovereenkomst was tot 1 januari 1999 tamelijk eenvoudig. De eerste tijdelijke arbeidsovereenkomst eindigde van rechtswege en de tweede moest worden opgezegd. Met de Wet flexibiliteit en zekerheid is de mogelijkheid om gebruik te maken van de tijdelijke arbeidsovereenkomst verruimd. Tegenover deze flexibilisering stond ook zekerheid, de tijdelijke arbeidsovereenkomst wordt op enig moment omgezet in een arbeidsovereenkomst voor onbepaalde tijd die de werknemer de meeste bescherming biedt. Allerlei additionele maatregelen in de relatie werkgever-werknemer waaronder de verlenging van de loondoorbetalingsverplichting bij ziekte van zes weken naar twee jaren, de re-integratieverplichtingen en de ontslagbescherming, maken het gebruik van de tijdelijke arbeidsovereenkomst interessant. Dat komt omdat met deze contractvorm deze risico's die worden gekoppeld aan een arbeidsovereenkomst die is aangegaan voor onbepaalde tijd worden afgewend. Bovendien maakt het gebruik van tijdelijke arbeidsovereenkomsten het voor de werkgever mogelijk snel in te spelen op de economische ontwikkelingen. Dat laat onverlet dat het gebruik van deze contractvorm voor de werknemers in kwestie veel onzekerheid met zich brengt. De Wet werk en zekerheid beoogt de negatieve aspecten en de daarmee gepaard gaande onzekerheid in te dammen. Het gewenste effect is echter uitgebleven, maar dat niet alleen, de wetgeving is er niet eenvoudiger op geworden. Dit boek geeft, de titel zegt het al, geen theoretische beschouwing over het verschijnsel tijdelijke arbeidsovereenkomst, maar wil een handvat zijn voor de situaties in de praktijk van alledag. Ook komt het ontslagrecht bij de tijdelijke arbeidsovereenkomst aan de orde, maar niet heel uitgebreid. Voor een uitgebreide behandeling van het ontslagrecht wordt verwezen naar het boek 'Het ontslagrecht in de praktijk'. Mr. dr. J. van Drongelen: universitair hoofddocent Sociaal Recht en Sociale Politiek Universiteit van Tilburg. Mw. mr. A. van Drongelen: juriste Arbeidsrecht bij SRK rechtsbijstand te Zoetermeer.</Text>
            </TextContent>
        </CollateralDetail>
        <PublishingDetail>
            <Publisher>
                <PublishingRole><![CDATA[01]]></PublishingRole>
                <PublisherName><![CDATA[Paris]]></PublisherName>
            </Publisher>
            <CityOfPublication></CityOfPublication>
            <PublishingStatus><![CDATA[04]]></PublishingStatus>
            <PublishingDate>
                <PublishingDateRole><![CDATA[01]]></PublishingDateRole>
                <Date dateformat="00"><![CDATA[20-10-2017]]></Date>
            </PublishingDate>
            <PublishingDate>
                <PublishingDateRole><![CDATA[01]]></PublishingDateRole>
                <Date dateformat="05"><![CDATA[2017]]></Date>
            </PublishingDate>
        </PublishingDetail>
        <RelatedMaterial>
            <RelatedProduct>
                <ProductRelationCode><![CDATA[13]]></ProductRelationCode>
                <ProductIdentifier>
                    <ProductIDType><![CDATA[15]]></ProductIDType>
                    <IDValue><![CDATA[9789462511477]]></IDValue>
                </ProductIdentifier>
            </RelatedProduct>
        </RelatedMaterial>
        <ProductSupply>
            <SupplyDetail>
                <Supplier>
                    <SupplierRole></SupplierRole>
                    <SupplierName></SupplierName>
                </Supplier>
                <ProductAvailability></ProductAvailability>
                <Price>
                    <PriceType><![CDATA[01]]></PriceType>
                    <PriceAmount><![CDATA[25.23]]></PriceAmount>
                    <CurrencyCode><![CDATA[EUR]]></CurrencyCode>
                </Price>
            </SupplyDetail>
        </ProductSupply>
    </Product>
</ONIXMessage>
