<?xml version="1.0" encoding="UTF-8" standalone="yes"?>
<ONIXMessage xmlns="http://ns.editeur.org/onix/3.0/reference" xmlns:xsi="http://www.w3.org/2001/XMLSchema-instance" xsi:schemaLocation="http://ns.editeur.org/onix/3.0/reference ONIX_BookProduct_3.0_reference.xsd">
    <Header>
        <Sender>
            <SenderName></SenderName>
        </Sender>
        <SentDateTime></SentDateTime>
        <DefaultPriceType></DefaultPriceType>
        <DefaultCurrencyCode></DefaultCurrencyCode>
    </Header>
    <Product>
        <RecordReference></RecordReference>
        <NotificationType></NotificationType>
        <ProductIdentifier>
            <ProductIDType></ProductIDType>
            <IDValue></IDValue>
        </ProductIdentifier>
        <DescriptiveDetail>
            <ProductComposition></ProductComposition>
            <ProductForm></ProductForm>
            <Collection>
                <CollectionType><![CDATA[10]]></CollectionType>
                <TitleDetail>
                    <TitleType></TitleType>
                    <TitleElement>
                        <TitleElementLevel></TitleElementLevel>
                        <PartNumber></PartNumber>
                        <TitleText><![CDATA[Ars Aequi Handboeken]]></TitleText>
                    </TitleElement>
                </TitleDetail>
            </Collection>
            <TitleDetail>
                <TitleType></TitleType>
                <TitleElement>
                    <TitleElementLevel></TitleElementLevel>
                    <TitleText><![CDATA[Inleiding tot het Europees bestuursrecht]]></TitleText>
                    <Subtitle></Subtitle>
                </TitleElement>
            </TitleDetail>
            <Contributor>
                <SequenceNumber><![CDATA[1]]></SequenceNumber>
                <ContributorRole><![CDATA[A01]]></ContributorRole>
                <PersonName><![CDATA[S. Prechal (red.)]]></PersonName>
            </Contributor>
            <Contributor>
                <SequenceNumber><![CDATA[2]]></SequenceNumber>
                <ContributorRole><![CDATA[A01]]></ContributorRole>
                <PersonName><![CDATA[R.J.G.M. Widdershoven (red.)]]></PersonName>
            </Contributor>
            <EditionNumber><![CDATA[4]]></EditionNumber>
            <Extent>
                <ExtentType></ExtentType>
                <ExtentValue></ExtentValue>
                <ExtentUnit></ExtentUnit>
            </Extent>
            <Subject>
                <SubjectSchemeIdentifier><![CDATA[23]]></SubjectSchemeIdentifier>
                <SubjectCode></SubjectCode>
                <SubjectHeadingText></SubjectHeadingText>
            </Subject>
        </DescriptiveDetail>
        <CollateralDetail>
            <TextContent>
                <TextType><![CDATA[03]]></TextType>
                <ContentAudience></ContentAudience>
                <Text textformat="02">Hoewel het recht van de Europese Unie inmiddels al bijna 60 jaar oud is, is het voor de beoefenaren van het nationale (bestuurs)recht lange tijd een grote onbekende gebleven. De relatieve onbekendheid van het Unierecht leidde ertoe dat de communicatie tussen het Unierecht en het nationale bestuursrecht vaak nogal gebrekkig was (en is). Enerzijds heeft dat soms een onderschatting van de betekenis van het Unierecht tot gevolg. Anderzijds wordt de invloed van het Unierecht soms ook overschat en verdwijnt uit beeld dat het nationale (bestuurs)recht voor een effectieve doorwerking van het Unierecht onontbeerlijk is.  Dit boek behandelt de gevolgen die het Unierecht heeft voor belangrijke algemene leerstukken van het Nederlands bestuursrecht, namelijk de algemene rechtsbeginselen en fundamentele rechten, de rechtshandhaving, de rechtsbescherming en het vraagstuk van overheidsaansprakelijkheid. Tevens wordt aandacht besteed aan de verschillende wijzen van doorwerking van het Unierecht in het nationale recht, zoals de rechtstreekse werking en de conforme interpretatie. Het boek is bedoeld voor het onderwijs, maar zeker ook voor de Nederlandse rechtspraktijk die in nationale zaken steeds vaker wordt geconfronteerd met vragen van doorwerking van Unierecht.  In deze vierde, geheel herziene druk zijn alle ontwikkelingen in de Europese en nationale rechtspraak en wetgeving sinds 2011 verwerkt. De belangrijkste is ongetwijfeld de toenemende betekenis van het Handvest van de grondrechten van de grondrechten van de Europese Unie. Grote delen van het boek zijn daarom herschreven. Deze nieuwe druk is dan ook onmisbaar voor alle beoefenaren van het bestuursrecht.</Text>
            </TextContent>
        </CollateralDetail>
        <PublishingDetail>
            <Publisher>
                <PublishingRole><![CDATA[01]]></PublishingRole>
                <PublisherName><![CDATA[Ars Aequi]]></PublisherName>
            </Publisher>
            <CityOfPublication></CityOfPublication>
            <PublishingStatus><![CDATA[04]]></PublishingStatus>
            <PublishingDate>
                <PublishingDateRole><![CDATA[01]]></PublishingDateRole>
                <Date dateformat="00"><![CDATA[23-10-2017]]></Date>
            </PublishingDate>
            <PublishingDate>
                <PublishingDateRole><![CDATA[01]]></PublishingDateRole>
                <Date dateformat="05"><![CDATA[2017]]></Date>
            </PublishingDate>
        </PublishingDetail>
        <RelatedMaterial>
            <RelatedProduct>
                <ProductRelationCode><![CDATA[13]]></ProductRelationCode>
                <ProductIdentifier>
                    <ProductIDType><![CDATA[15]]></ProductIDType>
                    <IDValue><![CDATA[9789069169842]]></IDValue>
                </ProductIdentifier>
            </RelatedProduct>
        </RelatedMaterial>
        <ProductSupply>
            <SupplyDetail>
                <Supplier>
                    <SupplierRole></SupplierRole>
                    <SupplierName></SupplierName>
                </Supplier>
                <ProductAvailability></ProductAvailability>
                <Price>
                    <PriceType><![CDATA[01]]></PriceType>
                    <PriceAmount><![CDATA[50.00]]></PriceAmount>
                    <CurrencyCode><![CDATA[EUR]]></CurrencyCode>
                </Price>
            </SupplyDetail>
        </ProductSupply>
    </Product>
</ONIXMessage>
