<?xml version="1.0" encoding="UTF-8" standalone="yes"?>
<ONIXMessage xmlns="http://ns.editeur.org/onix/3.0/reference" xmlns:xsi="http://www.w3.org/2001/XMLSchema-instance" xsi:schemaLocation="http://ns.editeur.org/onix/3.0/reference ONIX_BookProduct_3.0_reference.xsd">
    <Header>
        <Sender>
            <SenderName></SenderName>
        </Sender>
        <SentDateTime></SentDateTime>
        <DefaultPriceType></DefaultPriceType>
        <DefaultCurrencyCode></DefaultCurrencyCode>
    </Header>
    <Product>
        <RecordReference></RecordReference>
        <NotificationType></NotificationType>
        <ProductIdentifier>
            <ProductIDType></ProductIDType>
            <IDValue></IDValue>
        </ProductIdentifier>
        <DescriptiveDetail>
            <ProductComposition></ProductComposition>
            <ProductForm></ProductForm>
            <Collection>
                <CollectionType><![CDATA[10]]></CollectionType>
                <TitleDetail>
                    <TitleType></TitleType>
                    <TitleElement>
                        <TitleElementLevel></TitleElementLevel>
                        <PartNumber></PartNumber>
                        <TitleText><![CDATA[Ars Aequi Cahier Staats- en bestuursrecht]]></TitleText>
                    </TitleElement>
                </TitleDetail>
            </Collection>
            <TitleDetail>
                <TitleType></TitleType>
                <TitleElement>
                    <TitleElementLevel></TitleElementLevel>
                    <TitleText><![CDATA[De omvang van het geding]]></TitleText>
                    <Subtitle></Subtitle>
                </TitleElement>
            </TitleDetail>
            <Contributor>
                <SequenceNumber><![CDATA[1]]></SequenceNumber>
                <ContributorRole><![CDATA[A01]]></ContributorRole>
                <PersonName><![CDATA[R. de Bock  ]]></PersonName>
            </Contributor>
            <EditionNumber><![CDATA[1]]></EditionNumber>
            <Extent>
                <ExtentType></ExtentType>
                <ExtentValue></ExtentValue>
                <ExtentUnit></ExtentUnit>
            </Extent>
            <Subject>
                <SubjectSchemeIdentifier><![CDATA[23]]></SubjectSchemeIdentifier>
                <SubjectCode></SubjectCode>
                <SubjectHeadingText></SubjectHeadingText>
            </Subject>
        </DescriptiveDetail>
        <CollateralDetail>
            <TextContent>
                <TextType><![CDATA[03]]></TextType>
                <ContentAudience></ContentAudience>
                <Text textformat="02">De bestuursrechter toetst of een besluit rechtmatig is. Art. 8:69 van de Algemene wet bestuursrecht geeft een nadere uitwerking aan de inhoud en de omvang van die toetsing. Het is daarmee de kernbepaling voor de bestuursrechtspraak.  Art. 8:69 Awb geldt zowel voor de toetsing door de rechtbank als voor de toetsing in hoger beroep. Het artikel bepaalt dat de rechter uitspraak moet doen op grondslag van het beroepschrift en hetgeen verder in de procedure naar voren komt (lid 1). Verder moet de rechter ambtshalve de rechtsgronden aanvullen (lid 2) en mag de rechter ambtshalve feiten aanvullen (lid 3).  De inhoud van art. 8:69 Awb wordt vaak samengevat onder de noemer: de omvang van het geding. Daarachter gaan echter tal van vragen schuil. Moet de rechter zich bij de toetsing beperken tot de inhoud van de in het beroepschrift aangevoerde argumenten? Wat is de functie van de zitting? Hoe ver strekt de rechterlijke plicht tot het aanvullen van rechtsgronden? Wanneer moet de rechter gebruik maken van de bevoegdheid tot het aanvullen van feiten? Mag het bestuursorgaan in de beroepsprocedure de motivering van het besluit wijzigen? Is het een belanghebbende toegestaan om in hoger beroep nieuwe argumenten of bewijsstukken aanvoeren? Wat doet de appelrechter met bezwaren tegen het vonnis van de rechtbank die in het verweerschrift naar voren worden gebracht? Stuk voor stuk lastige vragen, die vaak niet eenduidig te beantwoorden zijn.  Over art. 8:69 Awb is een grote hoeveelheid jurisprudentie verschenen. In dit cahier wordt die rechtspraak in kaart gebracht en zo veel mogelijk gestructureerd. Daarbij zal blijken dat de rechtspraak van de verschillende bestuursrechtelijke colleges op veel punten uiteenloopt. Dit Ars Aequi Staats- en bestuursrecht cahier is in de eerste plaats bestemd voor het juridisch onderwijs en bevat daarom veel voorbeelden.</Text>
            </TextContent>
        </CollateralDetail>
        <PublishingDetail>
            <Publisher>
                <PublishingRole><![CDATA[01]]></PublishingRole>
                <PublisherName><![CDATA[Ars Aequi]]></PublisherName>
            </Publisher>
            <CityOfPublication></CityOfPublication>
            <PublishingStatus><![CDATA[04]]></PublishingStatus>
            <PublishingDate>
                <PublishingDateRole><![CDATA[01]]></PublishingDateRole>
                <Date dateformat="00"><![CDATA[04-06-2004]]></Date>
            </PublishingDate>
            <PublishingDate>
                <PublishingDateRole><![CDATA[01]]></PublishingDateRole>
                <Date dateformat="05"><![CDATA[2004]]></Date>
            </PublishingDate>
        </PublishingDetail>
        <RelatedMaterial>
            <RelatedProduct>
                <ProductRelationCode><![CDATA[13]]></ProductRelationCode>
                <ProductIdentifier>
                    <ProductIDType><![CDATA[15]]></ProductIDType>
                    <IDValue><![CDATA[9789069165172]]></IDValue>
                </ProductIdentifier>
            </RelatedProduct>
        </RelatedMaterial>
        <ProductSupply>
            <SupplyDetail>
                <Supplier>
                    <SupplierRole></SupplierRole>
                    <SupplierName></SupplierName>
                </Supplier>
                <ProductAvailability></ProductAvailability>
                <Price>
                    <PriceType><![CDATA[01]]></PriceType>
                    <PriceAmount><![CDATA[25.23]]></PriceAmount>
                    <CurrencyCode><![CDATA[EUR]]></CurrencyCode>
                </Price>
            </SupplyDetail>
        </ProductSupply>
    </Product>
</ONIXMessage>
