<?xml version="1.0" encoding="UTF-8" standalone="yes"?>
<ONIXMessage xmlns="http://ns.editeur.org/onix/3.0/reference" xmlns:xsi="http://www.w3.org/2001/XMLSchema-instance" xsi:schemaLocation="http://ns.editeur.org/onix/3.0/reference ONIX_BookProduct_3.0_reference.xsd">
    <Header>
        <Sender>
            <SenderName></SenderName>
        </Sender>
        <SentDateTime></SentDateTime>
        <DefaultPriceType></DefaultPriceType>
        <DefaultCurrencyCode></DefaultCurrencyCode>
    </Header>
    <Product>
        <RecordReference></RecordReference>
        <NotificationType></NotificationType>
        <ProductIdentifier>
            <ProductIDType></ProductIDType>
            <IDValue></IDValue>
        </ProductIdentifier>
        <DescriptiveDetail>
            <ProductComposition></ProductComposition>
            <ProductForm></ProductForm>
            <Collection>
                <CollectionType><![CDATA[10]]></CollectionType>
                <TitleDetail>
                    <TitleType></TitleType>
                    <TitleElement>
                        <TitleElementLevel></TitleElementLevel>
                        <PartNumber></PartNumber>
                        <TitleText><![CDATA[Ars Aequi Klassiekers]]></TitleText>
                    </TitleElement>
                </TitleDetail>
            </Collection>
            <TitleDetail>
                <TitleType></TitleType>
                <TitleElement>
                    <TitleElementLevel></TitleElementLevel>
                    <TitleText><![CDATA[Canon van het Recht]]></TitleText>
                    <Subtitle></Subtitle>
                </TitleElement>
            </TitleDetail>
            <Contributor>
                <SequenceNumber><![CDATA[1]]></SequenceNumber>
                <ContributorRole><![CDATA[A01]]></ContributorRole>
                <PersonName><![CDATA[R.J.B. Schutgens (red.)]]></PersonName>
            </Contributor>
            <EditionNumber><![CDATA[1]]></EditionNumber>
            <Extent>
                <ExtentType></ExtentType>
                <ExtentValue></ExtentValue>
                <ExtentUnit></ExtentUnit>
            </Extent>
            <Subject>
                <SubjectSchemeIdentifier><![CDATA[23]]></SubjectSchemeIdentifier>
                <SubjectCode></SubjectCode>
                <SubjectHeadingText></SubjectHeadingText>
            </Subject>
        </DescriptiveDetail>
        <CollateralDetail>
            <TextContent>
                <TextType><![CDATA[03]]></TextType>
                <ContentAudience></ContentAudience>
                <Text textformat="02">Ars Aequi presenteert de Canon van het Recht in de Ars Aequi Klassiekerreeks. De canon is een lijst met vijftig personen of juridische gebeurtenissen die zo belangrijk zijn voor het in Nederland geldende recht, dat iedere jurist ze op zijn intellectuele bagagedrager zou moeten hebben. Bij ieder venster van de canon is een korte, toegankelijke bijdrage geschreven door een deskundige auteur met een vlotte pen. De gedachte daarbij is, dat een stukje over een strafrechtelijke ‘mijlpaal’ interessant moet zijn voor de privatist en andersom.  De canon is opgesteld door een commissie van gerenommeerde hoogleraren uit verschillende rechtsgebieden en faculteiten: C.P.M. Cleiren, C.J.H. Jansen, C.A.J.M. Kortmann, J.H. Nieuwenhuis, A. Prechal en R.J.N. Schlössels onder voorzitterschap van J.H.A. Lokin. Ars Aequi heeft deze commissie met een haast onmogelijke taak opgezadeld door te vragen om een canon van slechts 50 vensters op te stellen. 50 vensters voor het gehele recht is eigenlijk te weinig. Maar de redactie van Ars Aequi is van mening dat het opstellen van een canon alleen zin heeft, als de canon bestaat uit een nét iets te krap bemeten aantal items. Krapte dwingt immers tot messcherpe keuzes: waarom wél het Harmonisatiewet-, maar niet het Francovicharrest opnemen? Waarom wel de Grondwetswijziging van 1848, maar niet die van 1983? Deze keuzes zullen soms een beetje pijn doen. Uiteindelijk leidt dat echter tot reflectie op het recht: hoe zit het in elkaar, waar komt het vandaan, en vooral: aan welke elementen uit het recht hechten wij de meeste waarde en waarom? Als de lezer moet constateren, dat hij tot zijn spijt een of twee items in de lijst mist, is de redactie dan ook in haar opzet geslaagd.</Text>
            </TextContent>
        </CollateralDetail>
        <PublishingDetail>
            <Publisher>
                <PublishingRole><![CDATA[01]]></PublishingRole>
                <PublisherName><![CDATA[Ars Aequi]]></PublisherName>
            </Publisher>
            <CityOfPublication></CityOfPublication>
            <PublishingStatus><![CDATA[04]]></PublishingStatus>
            <PublishingDate>
                <PublishingDateRole><![CDATA[01]]></PublishingDateRole>
                <Date dateformat="00"><![CDATA[15-11-2010]]></Date>
            </PublishingDate>
            <PublishingDate>
                <PublishingDateRole><![CDATA[01]]></PublishingDateRole>
                <Date dateformat="05"><![CDATA[2010]]></Date>
            </PublishingDate>
        </PublishingDetail>
        <RelatedMaterial>
            <RelatedProduct>
                <ProductRelationCode><![CDATA[13]]></ProductRelationCode>
                <ProductIdentifier>
                    <ProductIDType><![CDATA[15]]></ProductIDType>
                    <IDValue><![CDATA[9789069169248]]></IDValue>
                </ProductIdentifier>
            </RelatedProduct>
        </RelatedMaterial>
        <ProductSupply>
            <SupplyDetail>
                <Supplier>
                    <SupplierRole></SupplierRole>
                    <SupplierName></SupplierName>
                </Supplier>
                <ProductAvailability></ProductAvailability>
                <Price>
                    <PriceType><![CDATA[01]]></PriceType>
                    <PriceAmount><![CDATA[31.65]]></PriceAmount>
                    <CurrencyCode><![CDATA[EUR]]></CurrencyCode>
                </Price>
            </SupplyDetail>
        </ProductSupply>
    </Product>
</ONIXMessage>
