<?xml version="1.0" encoding="UTF-8" standalone="yes"?>
<ONIXMessage xmlns="http://ns.editeur.org/onix/3.0/reference" xmlns:xsi="http://www.w3.org/2001/XMLSchema-instance" xsi:schemaLocation="http://ns.editeur.org/onix/3.0/reference ONIX_BookProduct_3.0_reference.xsd">
    <Header>
        <Sender>
            <SenderName></SenderName>
        </Sender>
        <SentDateTime></SentDateTime>
        <DefaultPriceType></DefaultPriceType>
        <DefaultCurrencyCode></DefaultCurrencyCode>
    </Header>
    <Product>
        <RecordReference></RecordReference>
        <NotificationType></NotificationType>
        <ProductIdentifier>
            <ProductIDType></ProductIDType>
            <IDValue></IDValue>
        </ProductIdentifier>
        <DescriptiveDetail>
            <ProductComposition></ProductComposition>
            <ProductForm></ProductForm>
            <Collection>
                <CollectionType><![CDATA[10]]></CollectionType>
                <TitleDetail>
                    <TitleType></TitleType>
                    <TitleElement>
                        <TitleElementLevel></TitleElementLevel>
                        <PartNumber></PartNumber>
                        <TitleText><![CDATA[Ars Aequi Cahier Staats- en bestuursrecht]]></TitleText>
                    </TitleElement>
                </TitleDetail>
            </Collection>
            <TitleDetail>
                <TitleType></TitleType>
                <TitleElement>
                    <TitleElementLevel></TitleElementLevel>
                    <TitleText><![CDATA[De voorzieningenrechter bestuursrecht]]></TitleText>
                    <Subtitle></Subtitle>
                </TitleElement>
            </TitleDetail>
            <Contributor>
                <SequenceNumber><![CDATA[1]]></SequenceNumber>
                <ContributorRole><![CDATA[A01]]></ContributorRole>
                <PersonName><![CDATA[T. Damsteegt  ]]></PersonName>
            </Contributor>
            <EditionNumber><![CDATA[1]]></EditionNumber>
            <Extent>
                <ExtentType></ExtentType>
                <ExtentValue></ExtentValue>
                <ExtentUnit></ExtentUnit>
            </Extent>
            <Subject>
                <SubjectSchemeIdentifier><![CDATA[23]]></SubjectSchemeIdentifier>
                <SubjectCode></SubjectCode>
                <SubjectHeadingText></SubjectHeadingText>
            </Subject>
        </DescriptiveDetail>
        <CollateralDetail>
            <TextContent>
                <TextType><![CDATA[03]]></TextType>
                <ContentAudience></ContentAudience>
                <Text textformat="02">Dit Ars Aequi Staats- en bestuursrecht cahier bespreekt op systematische wijze vrijwel alle belangrijke aspecten van de voorlopige voorziening met vermelding van (veel) jurisprudentie. Deze monografie bevat veel praktische informatie en is geschreven voor een breed publiek: zij die in het bestuursrecht werkzaam zijn, bestuursrecht studeren of anderszins daarin geïnteresseerd zijn.  Wat is het belang van de voorlopige voorziening in het bestuursrecht?  Het maken van bezwaar of het instellen van beroep brengt in het algemeen niet met zich dat de werking van het bestreden besluit wordt opgeschort in afwachting van de uitkomst in die procedures. De verkrijger van een vergunning kan, ook als een derde daartegen bezwaar maakt, toch direct aan de slag. Bij een besluit tot terugvordering van een uitkering kan het bestuursorgaan, ondanks het bezwaarschrift van betrokkene, gaan terugvorderen.  Het ontbreken van opschortende werking kan tot nadelige gevolgen leiden. Zo kan vorenstaande vergunninghouder de hem vergunde activiteiten voltooid hebben als de bestuursrechter tot het oordeel komt dat die vergunning ten onrechte is verstrekt. Blijkt achteraf de bovengenoemde terugvordering van de uitkering onrechtmatig, dan kan betrokkene inmiddels in flinke financiële problemen zitten. Met het aanwenden van rechtsmiddelen is hij dan niet zo veel opgeschoten.  In dit soort gevallen kan de procedure van de voorlopige voorziening uitkomst bieden. Hangende bezwaar of beroep kan betrokkene namelijk de voorzieningenrechter bestuursrecht verzoeken ter voorkoming van nadeel een voorlopige voorziening te treffen voor de duur van de procedure. Honoreert de voorzieningenrechter dat verzoek, dan luidt zijn uitspraak voorlopige voorziening in de genoemde voorbeelden dat hij de vergunning of het besluit tot terugvordering van de uitkering schorst totdat in de bodemprocedure is beslist. Bij die schorsing gaat het om een voorlopige maatregel hangende de bodemprocedure en om het voorlopig oordeel (een inschatting) van de voorzieningenrechter over de uitkomst in die bodemprocedure.</Text>
            </TextContent>
        </CollateralDetail>
        <PublishingDetail>
            <Publisher>
                <PublishingRole><![CDATA[01]]></PublishingRole>
                <PublisherName><![CDATA[Ars Aequi]]></PublisherName>
            </Publisher>
            <CityOfPublication></CityOfPublication>
            <PublishingStatus><![CDATA[04]]></PublishingStatus>
            <PublishingDate>
                <PublishingDateRole><![CDATA[01]]></PublishingDateRole>
                <Date dateformat="00"><![CDATA[18-10-2017]]></Date>
            </PublishingDate>
            <PublishingDate>
                <PublishingDateRole><![CDATA[01]]></PublishingDateRole>
                <Date dateformat="05"><![CDATA[2017]]></Date>
            </PublishingDate>
        </PublishingDetail>
        <RelatedMaterial>
            <RelatedProduct>
                <ProductRelationCode><![CDATA[13]]></ProductRelationCode>
                <ProductIdentifier>
                    <ProductIDType><![CDATA[15]]></ProductIDType>
                    <IDValue><![CDATA[9789492766069]]></IDValue>
                </ProductIdentifier>
            </RelatedProduct>
        </RelatedMaterial>
        <ProductSupply>
            <SupplyDetail>
                <Supplier>
                    <SupplierRole></SupplierRole>
                    <SupplierName></SupplierName>
                </Supplier>
                <ProductAvailability></ProductAvailability>
                <Price>
                    <PriceType><![CDATA[01]]></PriceType>
                    <PriceAmount><![CDATA[25.23]]></PriceAmount>
                    <CurrencyCode><![CDATA[EUR]]></CurrencyCode>
                </Price>
            </SupplyDetail>
        </ProductSupply>
    </Product>
</ONIXMessage>
