<?xml version="1.0" encoding="UTF-8" standalone="yes"?>
<ONIXMessage xmlns="http://ns.editeur.org/onix/3.0/reference" xmlns:xsi="http://www.w3.org/2001/XMLSchema-instance" xsi:schemaLocation="http://ns.editeur.org/onix/3.0/reference ONIX_BookProduct_3.0_reference.xsd">
    <Header>
        <Sender>
            <SenderName></SenderName>
        </Sender>
        <SentDateTime></SentDateTime>
        <DefaultPriceType></DefaultPriceType>
        <DefaultCurrencyCode></DefaultCurrencyCode>
    </Header>
    <Product>
        <RecordReference></RecordReference>
        <NotificationType></NotificationType>
        <ProductIdentifier>
            <ProductIDType></ProductIDType>
            <IDValue></IDValue>
        </ProductIdentifier>
        <DescriptiveDetail>
            <ProductComposition></ProductComposition>
            <ProductForm></ProductForm>
            <Collection>
                <CollectionType><![CDATA[10]]></CollectionType>
                <TitleDetail>
                    <TitleType></TitleType>
                    <TitleElement>
                        <TitleElementLevel></TitleElementLevel>
                        <PartNumber></PartNumber>
                        <TitleText><![CDATA[Ars Aequi Handboeken]]></TitleText>
                    </TitleElement>
                </TitleDetail>
            </Collection>
            <TitleDetail>
                <TitleType></TitleType>
                <TitleElement>
                    <TitleElementLevel></TitleElementLevel>
                    <TitleText><![CDATA[Het beginsel van de minste pijn]]></TitleText>
                    <Subtitle></Subtitle>
                </TitleElement>
            </TitleDetail>
            <Contributor>
                <SequenceNumber><![CDATA[1]]></SequenceNumber>
                <ContributorRole><![CDATA[A01]]></ContributorRole>
                <PersonName><![CDATA[A.L. Mertens]]></PersonName>
            </Contributor>
            <EditionNumber><![CDATA[13]]></EditionNumber>
            <Extent>
                <ExtentType></ExtentType>
                <ExtentValue></ExtentValue>
                <ExtentUnit></ExtentUnit>
            </Extent>
            <Subject>
                <SubjectSchemeIdentifier><![CDATA[23]]></SubjectSchemeIdentifier>
                <SubjectCode></SubjectCode>
                <SubjectHeadingText></SubjectHeadingText>
            </Subject>
        </DescriptiveDetail>
        <CollateralDetail>
            <TextContent>
                <TextType><![CDATA[03]]></TextType>
                <ContentAudience></ContentAudience>
                <Text textformat="02">Loonheffingen zijn de belastingen en socialeverzekeringspremies die worden geheven met het loon als basis. Een kenmerk van loonheffingen is dat zij, zoals dat heet, bij de bron worden geheven. Dat wil zeggen door de werkgever, het pensioenfonds of andere uitkerende instantie. Voor de overheid zijn de loonheffingen budgettair van enorme betekenis: voor 2019 wordt een opbrengst verwacht van zo'n € 170 miljard. Daarmee maken zij bijna 60% uit van alle (rijks)belastingen en premies die worden geheven.  Alhoewel de loonheffingen op werknemers betrekking hebben, moeten ze door de werkgever worden berekend, geheven en afgedragen. Ze maken daarmee een groot deel uit van de administratieve lasten waar werkgevers mee te maken hebben. Als gevolg hiervan staan deze heffingen voortdurend ter discussie, niet alleen politiek, maar ook in geschillen tussen inhoudingsplichtigen en de overheid. Er bestaat daarom uitvoerige en dikwijls complexe wetgeving op dit gebied. De vele geschillen leveren daarbij een flinke stroom jurisprudentie op.  Dit handboek is een inleiding tot de loonheffingen vanuit fiscaal-juridisch perspectief. Het behandelt de loonbelasting, de premie volksverzekeringen, de premies werknemersverzekeringen en de bijdrage Zvw. Het is in de eerste plaats geschreven om te worden gebruikt bij het academisch en het postacademisch onderwijs. Daarnaast is het bedoeld voor professionals die uit hoofde van hun functie over kennis van de loonheffingen moeten beschikken.  Bij deze nieuwe druk is de stand van de wetgeving en de jurisprudentie op 1 juli 2019 tot uitgangspunt genomen.</Text>
            </TextContent>
        </CollateralDetail>
        <PublishingDetail>
            <Publisher>
                <PublishingRole><![CDATA[01]]></PublishingRole>
                <PublisherName><![CDATA[Ars Aequi]]></PublisherName>
            </Publisher>
            <CityOfPublication></CityOfPublication>
            <PublishingStatus><![CDATA[04]]></PublishingStatus>
            <PublishingDate>
                <PublishingDateRole><![CDATA[01]]></PublishingDateRole>
                <Date dateformat="00"><![CDATA[14-08-2019]]></Date>
            </PublishingDate>
            <PublishingDate>
                <PublishingDateRole><![CDATA[01]]></PublishingDateRole>
                <Date dateformat="05"><![CDATA[2019]]></Date>
            </PublishingDate>
        </PublishingDetail>
        <RelatedMaterial>
            <RelatedProduct>
                <ProductRelationCode><![CDATA[13]]></ProductRelationCode>
                <ProductIdentifier>
                    <ProductIDType><![CDATA[15]]></ProductIDType>
                    <IDValue><![CDATA[9789492766755]]></IDValue>
                </ProductIdentifier>
            </RelatedProduct>
        </RelatedMaterial>
        <ProductSupply>
            <SupplyDetail>
                <Supplier>
                    <SupplierRole></SupplierRole>
                    <SupplierName></SupplierName>
                </Supplier>
                <ProductAvailability></ProductAvailability>
                <Price>
                    <PriceType><![CDATA[01]]></PriceType>
                    <PriceAmount></PriceAmount>
                    <CurrencyCode><![CDATA[EUR]]></CurrencyCode>
                </Price>
            </SupplyDetail>
        </ProductSupply>
    </Product>
</ONIXMessage>
