<?xml version="1.0" encoding="UTF-8" standalone="yes"?>
<ONIXMessage xmlns="http://ns.editeur.org/onix/3.0/reference" xmlns:xsi="http://www.w3.org/2001/XMLSchema-instance" xsi:schemaLocation="http://ns.editeur.org/onix/3.0/reference ONIX_BookProduct_3.0_reference.xsd">
    <Header>
        <Sender>
            <SenderName></SenderName>
        </Sender>
        <SentDateTime></SentDateTime>
        <DefaultPriceType></DefaultPriceType>
        <DefaultCurrencyCode></DefaultCurrencyCode>
    </Header>
    <Product>
        <RecordReference></RecordReference>
        <NotificationType></NotificationType>
        <ProductIdentifier>
            <ProductIDType></ProductIDType>
            <IDValue></IDValue>
        </ProductIdentifier>
        <DescriptiveDetail>
            <ProductComposition></ProductComposition>
            <ProductForm></ProductForm>
            <Collection>
                <CollectionType><![CDATA[10]]></CollectionType>
                <TitleDetail>
                    <TitleType></TitleType>
                    <TitleElement>
                        <TitleElementLevel></TitleElementLevel>
                        <PartNumber></PartNumber>
                        <TitleText><![CDATA[Ars Aequi Cahier Privaatrecht]]></TitleText>
                    </TitleElement>
                </TitleDetail>
            </Collection>
            <TitleDetail>
                <TitleType></TitleType>
                <TitleElement>
                    <TitleElementLevel></TitleElementLevel>
                    <TitleText><![CDATA[De fiscus in het privaatrecht]]></TitleText>
                    <Subtitle></Subtitle>
                </TitleElement>
            </TitleDetail>
            <Contributor>
                <SequenceNumber><![CDATA[1]]></SequenceNumber>
                <ContributorRole><![CDATA[A01]]></ContributorRole>
                <PersonName><![CDATA[A.J. Tekstra  ]]></PersonName>
            </Contributor>
            <EditionNumber><![CDATA[1]]></EditionNumber>
            <Extent>
                <ExtentType></ExtentType>
                <ExtentValue></ExtentValue>
                <ExtentUnit></ExtentUnit>
            </Extent>
            <Subject>
                <SubjectSchemeIdentifier><![CDATA[23]]></SubjectSchemeIdentifier>
                <SubjectCode></SubjectCode>
                <SubjectHeadingText></SubjectHeadingText>
            </Subject>
        </DescriptiveDetail>
        <CollateralDetail>
            <TextContent>
                <TextType><![CDATA[03]]></TextType>
                <ContentAudience></ContentAudience>
                <Text textformat="02">Toekenning Prof. Dr. D. Brüll Prijs aan Ton Tekstra  Aan Ton Tekstra, de auteur van dit cahier, is de Prof. Dr. D. Brüll prijs uitgereikt voor deze publicatie. De Prof. Brüll prijs is ingesteld door de Stichting Kritisch Commentaar Fiscale Wetgeving en Fiscaal Beleid en wordt toegekend aan een auteur die het functioneren van de wetgever, de belastingdienst en/of de belastingrechter op gefundeerde en kritische wijze tegen het licht houdt. In dit Ars Aequi Privaatrecht cahier wordt ingegaan op de rol die de fiscus speelt in het privaatrecht. Traditioneel gezien is de positie van de fiscus vastgelegd in fiscale en bestuursrechtelijke regels, maar de fiscus blijkt zich in toenemende mate te bedienen van privaatrechtelijke instrumenten. Deze ontwikkeling wordt beschreven en er wordt onderzocht in hoeverre zij positief valt te duiden, dan wel of daar grenzen aan moeten worden gesteld. Er wordt onder meer aandacht besteed aan de tendens bij de fiscus om steeds meer in een horizontale verhouding met de belastingplichtigen te werken. Daarnaast wordt ingegaan op het verschijnsel dat begrippen uit het fiscale recht, die afkomstig zijn uit het civiele recht, vaak niet meer worden uitgelegd volgens hun oorspronkelijke betekenis en aldus een eigen fiscaalrechtelijke toepassing krijgen. Een andere ontwikkeling is dat de fiscale recht steeds meer wordt ‘ingebed’ in het bestuursrecht.  Parallel daaraan vindt er een toenemende beïnvloeding plaats van het fiscale recht door de werking en de uitleg van supranationale regels, zowel op EU-niveau als op internationaal niveau. Dit heeft consequenties voor de relatie tussen het privaatrecht en het fiscale recht. Bij de invordering van belastingen geldt sinds 1990 een zogenoemd open systeem, inhoudende dat de Ontvanger bij de invordering ook gebruik mag maken van de privaatrechtelijke bevoegdheden van een schuldeiser. In dit cahier wordt verder uitgebreid stilgestaan bij de rol van de fiscus in het insolventierecht. Juist daar wordt duidelijk op welke wijze de fiscus pleegt om te gaan met het privaatrecht en welke specifieke positie de fiscus inneemt als (preferente) crediteur.  Dit cahier is bedoeld voor zowel de rechtenstudent als voor de jurist die in de praktijk of wetenschap werkzaam is en interesse heeft in de wijze waarop de fiscus zich in het privaatrecht begeeft.</Text>
            </TextContent>
        </CollateralDetail>
        <PublishingDetail>
            <Publisher>
                <PublishingRole><![CDATA[01]]></PublishingRole>
                <PublisherName><![CDATA[Ars Aequi]]></PublisherName>
            </Publisher>
            <CityOfPublication></CityOfPublication>
            <PublishingStatus><![CDATA[04]]></PublishingStatus>
            <PublishingDate>
                <PublishingDateRole><![CDATA[01]]></PublishingDateRole>
                <Date dateformat="00"><![CDATA[19-11-2014]]></Date>
            </PublishingDate>
            <PublishingDate>
                <PublishingDateRole><![CDATA[01]]></PublishingDateRole>
                <Date dateformat="05"><![CDATA[2014]]></Date>
            </PublishingDate>
        </PublishingDetail>
        <RelatedMaterial>
            <RelatedProduct>
                <ProductRelationCode><![CDATA[13]]></ProductRelationCode>
                <ProductIdentifier>
                    <ProductIDType><![CDATA[15]]></ProductIDType>
                    <IDValue><![CDATA[9789069165257]]></IDValue>
                </ProductIdentifier>
            </RelatedProduct>
        </RelatedMaterial>
        <ProductSupply>
            <SupplyDetail>
                <Supplier>
                    <SupplierRole></SupplierRole>
                    <SupplierName></SupplierName>
                </Supplier>
                <ProductAvailability></ProductAvailability>
                <Price>
                    <PriceType><![CDATA[01]]></PriceType>
                    <PriceAmount><![CDATA[25.23]]></PriceAmount>
                    <CurrencyCode><![CDATA[EUR]]></CurrencyCode>
                </Price>
            </SupplyDetail>
        </ProductSupply>
    </Product>
</ONIXMessage>
