<?xml version="1.0" encoding="UTF-8" standalone="yes"?>
<ONIXMessage xmlns="http://ns.editeur.org/onix/3.0/reference" xmlns:xsi="http://www.w3.org/2001/XMLSchema-instance" xsi:schemaLocation="http://ns.editeur.org/onix/3.0/reference ONIX_BookProduct_3.0_reference.xsd">
    <Header>
        <Sender>
            <SenderName></SenderName>
        </Sender>
        <SentDateTime></SentDateTime>
        <DefaultPriceType></DefaultPriceType>
        <DefaultCurrencyCode></DefaultCurrencyCode>
    </Header>
    <Product>
        <RecordReference></RecordReference>
        <NotificationType></NotificationType>
        <ProductIdentifier>
            <ProductIDType></ProductIDType>
            <IDValue></IDValue>
        </ProductIdentifier>
        <DescriptiveDetail>
            <ProductComposition></ProductComposition>
            <ProductForm></ProductForm>
            <Collection>
                <CollectionType><![CDATA[10]]></CollectionType>
                <TitleDetail>
                    <TitleType></TitleType>
                    <TitleElement>
                        <TitleElementLevel></TitleElementLevel>
                        <PartNumber></PartNumber>
                        <TitleText></TitleText>
                    </TitleElement>
                </TitleDetail>
            </Collection>
            <TitleDetail>
                <TitleType></TitleType>
                <TitleElement>
                    <TitleElementLevel></TitleElementLevel>
                    <TitleText><![CDATA[Valse zeden]]></TitleText>
                    <Subtitle></Subtitle>
                </TitleElement>
            </TitleDetail>
            <Contributor>
                <SequenceNumber><![CDATA[1]]></SequenceNumber>
                <ContributorRole><![CDATA[A01]]></ContributorRole>
                <PersonName><![CDATA[C.J.W. Veraart  ]]></PersonName>
            </Contributor>
            <EditionNumber><![CDATA[4]]></EditionNumber>
            <Extent>
                <ExtentType></ExtentType>
                <ExtentValue></ExtentValue>
                <ExtentUnit></ExtentUnit>
            </Extent>
            <Subject>
                <SubjectSchemeIdentifier><![CDATA[23]]></SubjectSchemeIdentifier>
                <SubjectCode></SubjectCode>
                <SubjectHeadingText></SubjectHeadingText>
            </Subject>
        </DescriptiveDetail>
        <CollateralDetail>
            <TextContent>
                <TextType><![CDATA[03]]></TextType>
                <ContentAudience></ContentAudience>
                <Text textformat="02">Het aantal valse aangiften in zedenzaken neemt hand over hand toe. Spijt of rancune zijn vaak de drijfveer om iemand te beschuldigen van verkrachting of aanranding.  Vanuit zijn praktijk als advocaat analyseert Chris Veraart talloze zedenzaken waarbij sprake is van valse aangifte en legt daarbij een aantal herkenbare patronen bloot. Het belangrijkste wederkerende motief in nagenoeg alle zaken is het ontbreken van de context waarbinnen de seks heeft plaatsgevonden. Er is alleen opgetekend wat er in de schuur gebeurde, maar daar was niemand bij. Nergens wordt onderzocht wat er vóór de schuur en ná de schuur gebeurde terwijl dat nu juist vaak wel verifieerbaar is. Een ander veel voorkomend verschijnsel is dat er sprake is van een overaangifte met aantoonbare overdrijvingen of een overbekentenis waarbij de verdachte meer bekent dan hij daadwerkelijk gedaan heeft. Bovendien lopen in de afgelegde verklaringen het tijdstip, de volgorde en zelfs de plaats van handeling vaak uiteen.  In Valse zeden beschrijft Veraart deze patronen en illustreert ze met enkele, tot in detail beschreven, delicate en sensationele zedenzaken uit zijn eigen praktijk. Van de omstandigheden en de aard van het seksueel contact tot de traumatische gevolgen voor de vals beschuldigden die vaak, nietsvermoedend, door de politie van hun bed worden gelicht en te schande worden gezet voor de buurt, familie, collegas en werkgever.  De analyse door Veraart leidt tot een methode voor waarheidsvinding in verklaringen bij aangiften in zedenzaken, van groot belang voor een rechtvaardig strafproces. Maar Valse zeden geeft meer dan een analyse. Valse zeden bekritiseert de dubbele moraal bij politie en Openbaar Ministerie, de nodeloos lange procedures, de onkunde van rechters en hulpverleners en besluit met concrete aanbevelingen voor een rechtvaardiger gang van zaken.  Deze klassieker op het gebied van valse aangiften en waarheidsvinding is een eyeopener voor eenieder die met zedenzaken te maken heeft of zich wil verdiepen in de problematiek ervan.  Valse Zeden: De klassieker van Chris Veraart is actueler dan ooit! Deze geactualiseerde versie is een must voor studenten, advocaten, politie, openbaar ministerie en strafrechters. Verplichte literatuur voor alle partijen in het strafrecht, opdat nieuwe dwalingen achterwege blijven. Wim en Hans Anker</Text>
            </TextContent>
        </CollateralDetail>
        <PublishingDetail>
            <Publisher>
                <PublishingRole><![CDATA[01]]></PublishingRole>
                <PublisherName><![CDATA[Ars Aequi]]></PublisherName>
            </Publisher>
            <CityOfPublication></CityOfPublication>
            <PublishingStatus><![CDATA[04]]></PublishingStatus>
            <PublishingDate>
                <PublishingDateRole><![CDATA[01]]></PublishingDateRole>
                <Date dateformat="00"><![CDATA[10-04-2012]]></Date>
            </PublishingDate>
            <PublishingDate>
                <PublishingDateRole><![CDATA[01]]></PublishingDateRole>
                <Date dateformat="05"><![CDATA[2012]]></Date>
            </PublishingDate>
        </PublishingDetail>
        <RelatedMaterial>
            <RelatedProduct>
                <ProductRelationCode><![CDATA[13]]></ProductRelationCode>
                <ProductIdentifier>
                    <ProductIDType><![CDATA[15]]></ProductIDType>
                    <IDValue><![CDATA[9789069166575]]></IDValue>
                </ProductIdentifier>
            </RelatedProduct>
        </RelatedMaterial>
        <ProductSupply>
            <SupplyDetail>
                <Supplier>
                    <SupplierRole></SupplierRole>
                    <SupplierName></SupplierName>
                </Supplier>
                <ProductAvailability></ProductAvailability>
                <Price>
                    <PriceType><![CDATA[01]]></PriceType>
                    <PriceAmount><![CDATA[30.73]]></PriceAmount>
                    <CurrencyCode><![CDATA[EUR]]></CurrencyCode>
                </Price>
            </SupplyDetail>
        </ProductSupply>
    </Product>
</ONIXMessage>
