<?xml version="1.0" encoding="UTF-8" standalone="yes"?>
<ONIXMessage xmlns="http://ns.editeur.org/onix/3.0/reference" xmlns:xsi="http://www.w3.org/2001/XMLSchema-instance" xsi:schemaLocation="http://ns.editeur.org/onix/3.0/reference ONIX_BookProduct_3.0_reference.xsd">
    <Header>
        <Sender>
            <SenderName></SenderName>
        </Sender>
        <SentDateTime></SentDateTime>
        <DefaultPriceType></DefaultPriceType>
        <DefaultCurrencyCode></DefaultCurrencyCode>
    </Header>
    <Product>
        <RecordReference></RecordReference>
        <NotificationType></NotificationType>
        <ProductIdentifier>
            <ProductIDType></ProductIDType>
            <IDValue></IDValue>
        </ProductIdentifier>
        <DescriptiveDetail>
            <ProductComposition></ProductComposition>
            <ProductForm></ProductForm>
            <Collection>
                <CollectionType><![CDATA[10]]></CollectionType>
                <TitleDetail>
                    <TitleType></TitleType>
                    <TitleElement>
                        <TitleElementLevel></TitleElementLevel>
                        <PartNumber></PartNumber>
                        <TitleText><![CDATA[Ars Aequi Cahier Privaatrecht]]></TitleText>
                    </TitleElement>
                </TitleDetail>
            </Collection>
            <TitleDetail>
                <TitleType></TitleType>
                <TitleElement>
                    <TitleElementLevel></TitleElementLevel>
                    <TitleText><![CDATA[Civiele cassatie - derde druk]]></TitleText>
                    <Subtitle></Subtitle>
                </TitleElement>
            </TitleDetail>
            <Contributor>
                <SequenceNumber><![CDATA[1]]></SequenceNumber>
                <ContributorRole><![CDATA[A01]]></ContributorRole>
                <PersonName><![CDATA[W.D.H. Asser  ]]></PersonName>
            </Contributor>
            <EditionNumber><![CDATA[3]]></EditionNumber>
            <Extent>
                <ExtentType></ExtentType>
                <ExtentValue></ExtentValue>
                <ExtentUnit></ExtentUnit>
            </Extent>
            <Subject>
                <SubjectSchemeIdentifier><![CDATA[23]]></SubjectSchemeIdentifier>
                <SubjectCode></SubjectCode>
                <SubjectHeadingText></SubjectHeadingText>
            </Subject>
        </DescriptiveDetail>
        <CollateralDetail>
            <TextContent>
                <TextType><![CDATA[03]]></TextType>
                <ContentAudience></ContentAudience>
                <Text textformat="02">De ins and outs van de cassatieprocedure genieten betrekkelijk weinig bekendheid buiten de cassatieadvocatuur en de Hoge Raad. Toch kan het ook voor anderen van belang zijn de principes van de cassatierechtspraak te kennen. Advocaten en hun cliënten willen graag het advies van hun cassatieadvocaat, de cassatieklachten en de beslissingen van de Hoge Raad begrijpen. Rechters willen inzicht in de gronden waarop hun uitspraak in cassatie is beoordeeld. Bovendien is er nog de veel grotere groep van juristen (al of niet in spé) die min of meer regelmatig ter bestudering of ter informatie een uitspraak van de Hoge Raad onder ogen krijgt en het risico loopt verstrikt te raken in jargon en geheimtaal die om enige verklaring vraagt.  In dit aan de civiele cassatie gewijde Ars Aequi Privaatrecht cahier, wordt in kort bestek de gang van zaken in cassatie uiteengezet. Enerzijds is het geschreven met het oog op de studenten die de cassatie wat meer uitgebreid willen bestuderen, bijvoorbeeld in het kader van een keuzevak of verdiepend vak burgerlijk procesrecht. Anderzijds wil het de beginnende (cassatie)practici en andere geïnteresseerden een snelle oriëntatie bieden. Het bevat daarom naast algemene beschouwingen over het cassatie-instituut ook de nodige procesrechtelijke details.  In deze derde druk zijn de ontwikkelingen in de cassatierechtspraak sedert het verschijnen van de vorige druk (2011) verwerkt. Daarbij gaat het om nieuwe rechtspraak op het terrein van het cassatieprocesrecht en nieuwe wetgeving, te weten de invoering van een landelijke cassatiebalie, de niet-ontvankelijkverklaring ‘aan de poort’ van het cassatieberoep op grond van art. 80a RO en de door art. 81a RO geschapen mogelijkheid voor rechters om prejudiciële vragen aan de Hoge Raad te stellen. Daarnaast is rekening gehouden met de in 2017 voor de civiele kamer van de Hoge Raad deels ingevoerde KEI-wetgeving.   </Text>
            </TextContent>
        </CollateralDetail>
        <PublishingDetail>
            <Publisher>
                <PublishingRole><![CDATA[01]]></PublishingRole>
                <PublisherName><![CDATA[Ars Aequi]]></PublisherName>
            </Publisher>
            <CityOfPublication></CityOfPublication>
            <PublishingStatus><![CDATA[04]]></PublishingStatus>
            <PublishingDate>
                <PublishingDateRole><![CDATA[01]]></PublishingDateRole>
                <Date dateformat="00"><![CDATA[26-04-2018]]></Date>
            </PublishingDate>
            <PublishingDate>
                <PublishingDateRole><![CDATA[01]]></PublishingDateRole>
                <Date dateformat="05"><![CDATA[2018]]></Date>
            </PublishingDate>
        </PublishingDetail>
        <RelatedMaterial>
            <RelatedProduct>
                <ProductRelationCode><![CDATA[13]]></ProductRelationCode>
                <ProductIdentifier>
                    <ProductIDType><![CDATA[15]]></ProductIDType>
                    <IDValue><![CDATA[9789069166919]]></IDValue>
                </ProductIdentifier>
            </RelatedProduct>
        </RelatedMaterial>
        <ProductSupply>
            <SupplyDetail>
                <Supplier>
                    <SupplierRole></SupplierRole>
                    <SupplierName></SupplierName>
                </Supplier>
                <ProductAvailability></ProductAvailability>
                <Price>
                    <PriceType><![CDATA[01]]></PriceType>
                    <PriceAmount><![CDATA[25.23]]></PriceAmount>
                    <CurrencyCode><![CDATA[EUR]]></CurrencyCode>
                </Price>
            </SupplyDetail>
        </ProductSupply>
    </Product>
</ONIXMessage>
