<?xml version="1.0" encoding="UTF-8" standalone="yes"?>
<ONIXMessage xmlns="http://ns.editeur.org/onix/3.0/reference" xmlns:xsi="http://www.w3.org/2001/XMLSchema-instance" xsi:schemaLocation="http://ns.editeur.org/onix/3.0/reference ONIX_BookProduct_3.0_reference.xsd">
    <Header>
        <Sender>
            <SenderName></SenderName>
        </Sender>
        <SentDateTime></SentDateTime>
        <DefaultPriceType></DefaultPriceType>
        <DefaultCurrencyCode></DefaultCurrencyCode>
    </Header>
    <Product>
        <RecordReference></RecordReference>
        <NotificationType></NotificationType>
        <ProductIdentifier>
            <ProductIDType></ProductIDType>
            <IDValue></IDValue>
        </ProductIdentifier>
        <DescriptiveDetail>
            <ProductComposition></ProductComposition>
            <ProductForm></ProductForm>
            <Collection>
                <CollectionType><![CDATA[10]]></CollectionType>
                <TitleDetail>
                    <TitleType></TitleType>
                    <TitleElement>
                        <TitleElementLevel></TitleElementLevel>
                        <PartNumber></PartNumber>
                        <TitleText><![CDATA[Ars Aequi Handboeken]]></TitleText>
                    </TitleElement>
                </TitleDetail>
            </Collection>
            <TitleDetail>
                <TitleType></TitleType>
                <TitleElement>
                    <TitleElementLevel></TitleElementLevel>
                    <TitleText><![CDATA[Recht van Onderop]]></TitleText>
                    <Subtitle></Subtitle>
                </TitleElement>
            </TitleDetail>
            <Contributor>
                <SequenceNumber><![CDATA[1]]></SequenceNumber>
                <ContributorRole><![CDATA[A01]]></ContributorRole>
                <PersonName><![CDATA[M.L.M. Hertogh (red.)]]></PersonName>
            </Contributor>
            <Contributor>
                <SequenceNumber><![CDATA[2]]></SequenceNumber>
                <ContributorRole><![CDATA[A01]]></ContributorRole>
                <PersonName><![CDATA[H.A.M. Weyers (red.)]]></PersonName>
            </Contributor>
            <EditionNumber><![CDATA[1]]></EditionNumber>
            <Extent>
                <ExtentType></ExtentType>
                <ExtentValue></ExtentValue>
                <ExtentUnit></ExtentUnit>
            </Extent>
            <Subject>
                <SubjectSchemeIdentifier><![CDATA[23]]></SubjectSchemeIdentifier>
                <SubjectCode></SubjectCode>
                <SubjectHeadingText></SubjectHeadingText>
            </Subject>
        </DescriptiveDetail>
        <CollateralDetail>
            <TextContent>
                <TextType><![CDATA[03]]></TextType>
                <ContentAudience></ContentAudience>
                <Text textformat="02">Vragen uit de maatschappij... Hoe worden nieuwe wetten gemaakt en welke rol spelen ambtenaren achter de schermen van het wetgevingsproces? Worden wetten wel nageleefd en waarom zijn sommige vormen van handhaving effectiever dan andere? Hoe staat het met de praktijk van het politiewerk en hoe passen ambtenaren de regels toe? Wanneer en hoe wordt er geprocedeerd en worden de rechterlijke uitspraken vervolgens nageleefd? Wat weet de burger van het recht en hoeveel vertrouwen heeft hij in het recht en de rechtspraak? Bereikt nieuwe wetgeving eigenlijk wel het beoogde en gewenste effect? Kortom wat is de betekenis van wetgeving of rechtspraak in het dagelijks leven van burgers, bedrijven en organisaties?  ... antwoorden uit de rechtssociologie. In Recht van Onderop geven rechtssociologen antwoord op al deze vragen. De rechtssociologie houdt zich bezig met de invloed van het recht op de samenleving en, omgekeerd, met de invloed van de samenleving op het recht. Gerenommeerde rechtssociologen zetten in 23 hoofdstukken de huidige stand van de kennis op het gebied van de rechtssociologie uiteen en bespreken onderwerpen die voor een breed publiek herkenbaar en relevant zijn. De hoofdstukken zijn gerangschikt onder vier themas: wetgeving, rechtshandhaving, rechtspraak & geschilbeslechting en recht in de ogen van de burger. Bovendien wordt met een rechtssociologische bril gekeken naar belangrijke ontwikkelingen op het terrein van het aansprakelijkheidsrecht, gelijke behandelingsrecht, arbeidsrecht, gezondheidsrecht, migratierecht, en de internationale mensenrechten. Dit boek biedt een actueel overzicht van de rechtssociologie, maar elk hoofdstuk kan ook apart worden gelezen. Er staat telkens één onderwerp centraal, met als leidende vragen: Wat heeft het rechtssociologisch onderzoek over dit onderwerp opgeleverd? Wat zijn de belangrijkste theorieën over dit onderwerp? En wat zijn de uitkomsten van empirisch onderzoek? Het boek bevat veel literatuurverwijzingen en wordt ontsloten door een uitgebreid register. Recht van Onderop is een toegankelijk boek voor iedereen die is geïnteresseerd in de maatschappelijke betekenis van het recht. Het is zowel een nuttig naslagwerk voor juridische professionals en beleidsmakers, als een uitstekend studieboek voor alle vakken op het terrein van recht en samenleving.  Prof. dr. Marc Hertogh en dr. Heleen Weyers zijn verbonden aan de Faculteit Rechtsgeleerdheid van de Rijksuniversiteit Groningen.</Text>
            </TextContent>
        </CollateralDetail>
        <PublishingDetail>
            <Publisher>
                <PublishingRole><![CDATA[01]]></PublishingRole>
                <PublisherName><![CDATA[Ars Aequi]]></PublisherName>
            </Publisher>
            <CityOfPublication></CityOfPublication>
            <PublishingStatus><![CDATA[04]]></PublishingStatus>
            <PublishingDate>
                <PublishingDateRole><![CDATA[01]]></PublishingDateRole>
                <Date dateformat="00"><![CDATA[08-06-2011]]></Date>
            </PublishingDate>
            <PublishingDate>
                <PublishingDateRole><![CDATA[01]]></PublishingDateRole>
                <Date dateformat="05"><![CDATA[2011]]></Date>
            </PublishingDate>
        </PublishingDetail>
        <RelatedMaterial>
            <RelatedProduct>
                <ProductRelationCode><![CDATA[13]]></ProductRelationCode>
                <ProductIdentifier>
                    <ProductIDType><![CDATA[15]]></ProductIDType>
                    <IDValue><![CDATA[9789069167763]]></IDValue>
                </ProductIdentifier>
            </RelatedProduct>
        </RelatedMaterial>
        <ProductSupply>
            <SupplyDetail>
                <Supplier>
                    <SupplierRole></SupplierRole>
                    <SupplierName></SupplierName>
                </Supplier>
                <ProductAvailability></ProductAvailability>
                <Price>
                    <PriceType><![CDATA[01]]></PriceType>
                    <PriceAmount><![CDATA[50.46]]></PriceAmount>
                    <CurrencyCode><![CDATA[EUR]]></CurrencyCode>
                </Price>
            </SupplyDetail>
        </ProductSupply>
    </Product>
</ONIXMessage>
