<?xml version="1.0" encoding="UTF-8" standalone="yes"?>
<ONIXMessage xmlns="http://ns.editeur.org/onix/3.0/reference" xmlns:xsi="http://www.w3.org/2001/XMLSchema-instance" xsi:schemaLocation="http://ns.editeur.org/onix/3.0/reference ONIX_BookProduct_3.0_reference.xsd">
    <Header>
        <Sender>
            <SenderName></SenderName>
        </Sender>
        <SentDateTime></SentDateTime>
        <DefaultPriceType></DefaultPriceType>
        <DefaultCurrencyCode></DefaultCurrencyCode>
    </Header>
    <Product>
        <RecordReference></RecordReference>
        <NotificationType></NotificationType>
        <ProductIdentifier>
            <ProductIDType></ProductIDType>
            <IDValue></IDValue>
        </ProductIdentifier>
        <DescriptiveDetail>
            <ProductComposition></ProductComposition>
            <ProductForm></ProductForm>
            <Collection>
                <CollectionType><![CDATA[10]]></CollectionType>
                <TitleDetail>
                    <TitleType></TitleType>
                    <TitleElement>
                        <TitleElementLevel></TitleElementLevel>
                        <PartNumber></PartNumber>
                        <TitleText></TitleText>
                    </TitleElement>
                </TitleDetail>
            </Collection>
            <TitleDetail>
                <TitleType></TitleType>
                <TitleElement>
                    <TitleElementLevel></TitleElementLevel>
                    <TitleText><![CDATA[De Koning in het Nederlandse staatsrecht]]></TitleText>
                    <Subtitle></Subtitle>
                </TitleElement>
            </TitleDetail>
            <Contributor>
                <SequenceNumber><![CDATA[1]]></SequenceNumber>
                <ContributorRole><![CDATA[A01]]></ContributorRole>
                <PersonName><![CDATA[A.P. Krijnen]]></PersonName>
            </Contributor>
            <Contributor>
                <SequenceNumber><![CDATA[2]]></SequenceNumber>
                <ContributorRole><![CDATA[A01]]></ContributorRole>
                <PersonName><![CDATA[D.A. Roos]]></PersonName>
            </Contributor>
            <Contributor>
                <SequenceNumber><![CDATA[3]]></SequenceNumber>
                <ContributorRole><![CDATA[A01]]></ContributorRole>
                <PersonName><![CDATA[B.P. Vermeulen  ]]></PersonName>
            </Contributor>
            <EditionNumber><![CDATA[1]]></EditionNumber>
            <Extent>
                <ExtentType></ExtentType>
                <ExtentValue></ExtentValue>
                <ExtentUnit></ExtentUnit>
            </Extent>
            <Subject>
                <SubjectSchemeIdentifier><![CDATA[23]]></SubjectSchemeIdentifier>
                <SubjectCode></SubjectCode>
                <SubjectHeadingText></SubjectHeadingText>
            </Subject>
        </DescriptiveDetail>
        <CollateralDetail>
            <TextContent>
                <TextType><![CDATA[03]]></TextType>
                <ContentAudience></ContentAudience>
                <Text textformat="02">Waarom spreekt de Grondwet van de Koning, terwijl we al meer dan een eeuw een Koningin hebben? Mag de Koning weigeren zijn handtekening onder een wetsvoorstel te zetten? Hoe ver reikt de ministeriële verantwoordelijkheid voor de Koning, en voor de overige leden van het koninklijk huis? Wat is de betekenis van de eis dat het huwelijk van de Koning bij wet goedgekeurd moet worden? En heeft de Koning vrijheid van meningsuiting?  De Koning is de kleurrijkste en meest ‘persoonlijke’ functionaris in het Nederlandse staatsbestel. De positie van de Koning in dit bestel is het resultaat van een lange historische ontwikkeling, die haar wortels vindt in de vrijheidsstrijd van de Nederlanden tegen Spanje, onder aanvoering van Willem van Oranje. Ook nu nog neemt de Koning een belangrijke plaats in, als staatshoofd, als deel van de regering en als symbool.  In dit boekje komen enkele basisbegrippen en -beginselen van het Nederlandse staatsrecht aan de orde, uitgelegd aan de hand van de oorspronkelijke en de actuele betekenissen van het koningschap in de Nederlandse Grondwet, de wetgeving en de politieke praktijk. Daarbij komen de hiervoor gestelde vragen aan bod, en natuurlijk worden ook de bijbehorende ‘affaires’ aan­gestipt (Greet Hofmans, Lockheed, Margarita, Mabel).  Na een historische schets wordt ingegaan op het ambt en de persoon van de Koning, op zijn bevoegdheden in het wetgevingsproces en als staatshoofd bij onder meer de kabinetsformatie, en op het functioneren van de ministeriële verantwoordelijkheid. Verder wordt aandacht geschonken aan de positie van de overige leden van het koninklijk huis, en aan de titulatuur. Afgesloten wordt met een beschouwing over de spanningsverhouding tussen de principes van de democratische rechtsstaat en het erfelijke koningschap. In de bijlagen zijn enige documenten afgedrukt die dit alles illustreren.</Text>
            </TextContent>
        </CollateralDetail>
        <PublishingDetail>
            <Publisher>
                <PublishingRole><![CDATA[01]]></PublishingRole>
                <PublisherName><![CDATA[Ars Aequi]]></PublisherName>
            </Publisher>
            <CityOfPublication></CityOfPublication>
            <PublishingStatus><![CDATA[04]]></PublishingStatus>
            <PublishingDate>
                <PublishingDateRole><![CDATA[01]]></PublishingDateRole>
                <Date dateformat="00"><![CDATA[01-09-2005]]></Date>
            </PublishingDate>
            <PublishingDate>
                <PublishingDateRole><![CDATA[01]]></PublishingDateRole>
                <Date dateformat="05"><![CDATA[2005]]></Date>
            </PublishingDate>
        </PublishingDetail>
        <RelatedMaterial>
            <RelatedProduct>
                <ProductRelationCode><![CDATA[13]]></ProductRelationCode>
                <ProductIdentifier>
                    <ProductIDType><![CDATA[15]]></ProductIDType>
                    <IDValue><![CDATA[9789069165585]]></IDValue>
                </ProductIdentifier>
            </RelatedProduct>
        </RelatedMaterial>
        <ProductSupply>
            <SupplyDetail>
                <Supplier>
                    <SupplierRole></SupplierRole>
                    <SupplierName></SupplierName>
                </Supplier>
                <ProductAvailability></ProductAvailability>
                <Price>
                    <PriceType><![CDATA[01]]></PriceType>
                    <PriceAmount><![CDATA[19.72]]></PriceAmount>
                    <CurrencyCode><![CDATA[EUR]]></CurrencyCode>
                </Price>
            </SupplyDetail>
        </ProductSupply>
    </Product>
</ONIXMessage>
