<?xml version="1.0" encoding="UTF-8" standalone="yes"?>
<ONIXMessage xmlns="http://ns.editeur.org/onix/3.0/reference" xmlns:xsi="http://www.w3.org/2001/XMLSchema-instance" xsi:schemaLocation="http://ns.editeur.org/onix/3.0/reference ONIX_BookProduct_3.0_reference.xsd">
    <Header>
        <Sender>
            <SenderName></SenderName>
        </Sender>
        <SentDateTime></SentDateTime>
        <DefaultPriceType></DefaultPriceType>
        <DefaultCurrencyCode></DefaultCurrencyCode>
    </Header>
    <Product>
        <RecordReference></RecordReference>
        <NotificationType></NotificationType>
        <ProductIdentifier>
            <ProductIDType></ProductIDType>
            <IDValue></IDValue>
        </ProductIdentifier>
        <DescriptiveDetail>
            <ProductComposition></ProductComposition>
            <ProductForm></ProductForm>
            <Collection>
                <CollectionType><![CDATA[10]]></CollectionType>
                <TitleDetail>
                    <TitleType></TitleType>
                    <TitleElement>
                        <TitleElementLevel></TitleElementLevel>
                        <PartNumber></PartNumber>
                        <TitleText><![CDATA[Ars Aequi Cahier Privaatrecht]]></TitleText>
                    </TitleElement>
                </TitleDetail>
            </Collection>
            <TitleDetail>
                <TitleType></TitleType>
                <TitleElement>
                    <TitleElementLevel></TitleElementLevel>
                    <TitleText><![CDATA[Ambtshalve aanvullen van rechtsgronden]]></TitleText>
                    <Subtitle></Subtitle>
                </TitleElement>
            </TitleDetail>
            <Contributor>
                <SequenceNumber><![CDATA[1]]></SequenceNumber>
                <ContributorRole><![CDATA[A01]]></ContributorRole>
                <PersonName><![CDATA[C.E. Smith  ]]></PersonName>
            </Contributor>
            <EditionNumber><![CDATA[1]]></EditionNumber>
            <Extent>
                <ExtentType></ExtentType>
                <ExtentValue></ExtentValue>
                <ExtentUnit></ExtentUnit>
            </Extent>
            <Subject>
                <SubjectSchemeIdentifier><![CDATA[23]]></SubjectSchemeIdentifier>
                <SubjectCode></SubjectCode>
                <SubjectHeadingText></SubjectHeadingText>
            </Subject>
        </DescriptiveDetail>
        <CollateralDetail>
            <TextContent>
                <TextType><![CDATA[03]]></TextType>
                <ContentAudience></ContentAudience>
                <Text textformat="02">Art. 24 Rv draagt de rechter op de zaak te onderzoeken en te beslissen op de grondslag van hetgeen partijen aan hun vordering, verzoek of verweer ten gronde hebben gelegd. Art. 25 Rv gebiedt de rechter rechtsgronden aan te vullen. Het onderscheid tussen de 'rechtsgronden' van art. 25 Rv en de 'grondslag' van art. 24 Rv heeft betrekking op de tegenstelling tussen recht en feit.  In dit Ars Aequi Privaatrecht cahier speelt dit onderscheid een belangrijke rol bij de afbakening van de bevoegdheden van rechter en procespartijen in het burgerlijk proces. Zo mag de rechter zijn beslissing niet baseren op feiten die niet aan de vordering of het verweer ten grondslag zijn gelegd; doet hij dat wel, dan treedt hij buiten de grenzen van de rechtsstrijd. Op hun beurt dienen partijen erop bedacht te zijn dat de rechter de vordering of het verweer op een andere rechtsgrond kan toewijzen, indien de gestelde rechtsgrond ontoereikend blijkt te zijn.  Ofschoon het onderscheid tussen feitelijke gronden en rechtsgronden in theorie scherp is, blijkt de grens tussen beide in de praktijk vloeiend. Zo dient de juridische kwalificatie van een feit soms te worden aangemerkt als een feitelijke grond. De omvang van vordering, verzoek of verweer kan bovendien niet in abstracto worden vastgesteld. Voor de rechtspraktijk blijkt het leerstuk van art 25 Rv dan ook weinig richtinggevende waarde te hebben en sterk casuïstisch van aard te zijn. In dit cahier worden de contouren van het leerstuk van art. 25 Rv aan de hand van recente jurisprudentie geschetst. De conclusie luidt dat het onderscheid tussen het bevoegd aanvullen van rechtsgronden en het onbevoegd bijbrengen van feiten sterker dan voorheen in de sleutel staat van het contradictoire beginsel van hoor en wederhoor.</Text>
            </TextContent>
        </CollateralDetail>
        <PublishingDetail>
            <Publisher>
                <PublishingRole><![CDATA[01]]></PublishingRole>
                <PublisherName><![CDATA[Ars Aequi]]></PublisherName>
            </Publisher>
            <CityOfPublication></CityOfPublication>
            <PublishingStatus><![CDATA[04]]></PublishingStatus>
            <PublishingDate>
                <PublishingDateRole><![CDATA[01]]></PublishingDateRole>
                <Date dateformat="00"><![CDATA[08-06-2004]]></Date>
            </PublishingDate>
            <PublishingDate>
                <PublishingDateRole><![CDATA[01]]></PublishingDateRole>
                <Date dateformat="05"><![CDATA[2004]]></Date>
            </PublishingDate>
        </PublishingDetail>
        <RelatedMaterial>
            <RelatedProduct>
                <ProductRelationCode><![CDATA[13]]></ProductRelationCode>
                <ProductIdentifier>
                    <ProductIDType><![CDATA[15]]></ProductIDType>
                    <IDValue><![CDATA[9789069165219]]></IDValue>
                </ProductIdentifier>
            </RelatedProduct>
        </RelatedMaterial>
        <ProductSupply>
            <SupplyDetail>
                <Supplier>
                    <SupplierRole></SupplierRole>
                    <SupplierName></SupplierName>
                </Supplier>
                <ProductAvailability></ProductAvailability>
                <Price>
                    <PriceType><![CDATA[01]]></PriceType>
                    <PriceAmount><![CDATA[25.23]]></PriceAmount>
                    <CurrencyCode><![CDATA[EUR]]></CurrencyCode>
                </Price>
            </SupplyDetail>
        </ProductSupply>
    </Product>
</ONIXMessage>
