<?xml version="1.0" encoding="UTF-8" standalone="yes"?>
<ONIXMessage xmlns="http://ns.editeur.org/onix/3.0/reference" xmlns:xsi="http://www.w3.org/2001/XMLSchema-instance" xsi:schemaLocation="http://ns.editeur.org/onix/3.0/reference ONIX_BookProduct_3.0_reference.xsd">
    <Header>
        <Sender>
            <SenderName></SenderName>
        </Sender>
        <SentDateTime></SentDateTime>
        <DefaultPriceType></DefaultPriceType>
        <DefaultCurrencyCode></DefaultCurrencyCode>
    </Header>
    <Product>
        <RecordReference></RecordReference>
        <NotificationType></NotificationType>
        <ProductIdentifier>
            <ProductIDType></ProductIDType>
            <IDValue></IDValue>
        </ProductIdentifier>
        <DescriptiveDetail>
            <ProductComposition></ProductComposition>
            <ProductForm></ProductForm>
            <Collection>
                <CollectionType><![CDATA[10]]></CollectionType>
                <TitleDetail>
                    <TitleType></TitleType>
                    <TitleElement>
                        <TitleElementLevel></TitleElementLevel>
                        <PartNumber></PartNumber>
                        <TitleText><![CDATA[Ars Aequi Cahier Privaatrecht]]></TitleText>
                    </TitleElement>
                </TitleDetail>
            </Collection>
            <TitleDetail>
                <TitleType></TitleType>
                <TitleElement>
                    <TitleElementLevel></TitleElementLevel>
                    <TitleText><![CDATA[Schadebegroting]]></TitleText>
                    <Subtitle></Subtitle>
                </TitleElement>
            </TitleDetail>
            <Contributor>
                <SequenceNumber><![CDATA[1]]></SequenceNumber>
                <ContributorRole><![CDATA[A01]]></ContributorRole>
                <PersonName><![CDATA[T.F.E. Tjong Tjin Tai  ]]></PersonName>
            </Contributor>
            <EditionNumber><![CDATA[1]]></EditionNumber>
            <Extent>
                <ExtentType></ExtentType>
                <ExtentValue></ExtentValue>
                <ExtentUnit></ExtentUnit>
            </Extent>
            <Subject>
                <SubjectSchemeIdentifier><![CDATA[23]]></SubjectSchemeIdentifier>
                <SubjectCode></SubjectCode>
                <SubjectHeadingText></SubjectHeadingText>
            </Subject>
        </DescriptiveDetail>
        <CollateralDetail>
            <TextContent>
                <TextType><![CDATA[03]]></TextType>
                <ContentAudience></ContentAudience>
                <Text textformat="02">Schadevergoeding is van groot praktisch belang. In een belangrijk deel van de procedures in het civiel recht wordt schadevergoeding gevorderd. De problemen die hierbij rijzen hebben niet alleen te maken met de vraag of er schadevergoeding is verschuldigd, maar ook met de vraag: hoeveel? Die laatste vraag is waar schadebegroting over gaat. In de praktijk blijkt dit vaak lastig, wat deels wordt veroorzaakt door onduidelijkheid over hoe het systeem van schadebegroting werkt.  In dit Ars Aequi Privaatrecht cahier wordt een nieuwe benadering van schadebegroting gekozen die in overeenstemming is met de jurisprudentie en literatuur, maar waarbij de nadruk ligt op de achtereenvolgens te doorlopen stappen. Door schadebegroting in de vorm van een stappenplan te presenteren wordt de relatie tussen verschillende regels voor schadebegroting duidelijker dan gewoonlijk, en is het gemakkelijker om misverstanden en vergissingen te vermijden.  Op basis van dit systeem van schadebegroting worden vervolgens de bekende leerstukken en onderwerpen bij schadebegroting behandeld. Eerst worden de verschillende technieken voor de waardering van het geleden nadeel behandeld. Hieronder vallen bijvoorbeeld winstafdracht en de leer van verlies van een kans, maar ook abstracte schadebegroting en toekomstige schade.  Daarna worden de uiteenlopende indelingen van schade gepresenteerd. Zo staat bijvoorbeeld de wettelijke indeling tegenover de bekende driedeling zaakschade, personenschade en zuivere vermogensschade. In twee hoofdstukken worden dan aan de hand van het wettelijk stelsel de regels van specifieke soorten schade behandeld. Eerst komen de verschillende vormen van materiële schade (vermogensschade) aan bod, daarna wordt immateriële schade (smartengeld) besproken.  In een afzonderlijk hoofdstuk wordt aandacht besteed aan correcties op de omvang van de schade, in het bijzonder voordeelstoerekening. Tot slot wordt kort ingegaan op enkele processuele aspecten, met name de vraag naar de toepasselijkheid van het bewijsrecht op schadebegroting.</Text>
            </TextContent>
        </CollateralDetail>
        <PublishingDetail>
            <Publisher>
                <PublishingRole><![CDATA[01]]></PublishingRole>
                <PublisherName><![CDATA[Ars Aequi]]></PublisherName>
            </Publisher>
            <CityOfPublication></CityOfPublication>
            <PublishingStatus><![CDATA[04]]></PublishingStatus>
            <PublishingDate>
                <PublishingDateRole><![CDATA[01]]></PublishingDateRole>
                <Date dateformat="00"><![CDATA[04-04-2017]]></Date>
            </PublishingDate>
            <PublishingDate>
                <PublishingDateRole><![CDATA[01]]></PublishingDateRole>
                <Date dateformat="05"><![CDATA[2017]]></Date>
            </PublishingDate>
        </PublishingDetail>
        <RelatedMaterial>
            <RelatedProduct>
                <ProductRelationCode><![CDATA[13]]></ProductRelationCode>
                <ProductIdentifier>
                    <ProductIDType><![CDATA[15]]></ProductIDType>
                    <IDValue><![CDATA[9789069168975]]></IDValue>
                </ProductIdentifier>
            </RelatedProduct>
        </RelatedMaterial>
        <ProductSupply>
            <SupplyDetail>
                <Supplier>
                    <SupplierRole></SupplierRole>
                    <SupplierName></SupplierName>
                </Supplier>
                <ProductAvailability></ProductAvailability>
                <Price>
                    <PriceType><![CDATA[01]]></PriceType>
                    <PriceAmount><![CDATA[25.23]]></PriceAmount>
                    <CurrencyCode><![CDATA[EUR]]></CurrencyCode>
                </Price>
            </SupplyDetail>
        </ProductSupply>
    </Product>
</ONIXMessage>
