<?xml version="1.0" encoding="UTF-8" standalone="yes"?>
<ONIXMessage xmlns="http://ns.editeur.org/onix/3.0/reference" xmlns:xsi="http://www.w3.org/2001/XMLSchema-instance" xsi:schemaLocation="http://ns.editeur.org/onix/3.0/reference ONIX_BookProduct_3.0_reference.xsd">
    <Header>
        <Sender>
            <SenderName></SenderName>
        </Sender>
        <SentDateTime></SentDateTime>
        <DefaultPriceType></DefaultPriceType>
        <DefaultCurrencyCode></DefaultCurrencyCode>
    </Header>
    <Product>
        <RecordReference></RecordReference>
        <NotificationType></NotificationType>
        <ProductIdentifier>
            <ProductIDType></ProductIDType>
            <IDValue></IDValue>
        </ProductIdentifier>
        <DescriptiveDetail>
            <ProductComposition></ProductComposition>
            <ProductForm></ProductForm>
            <Collection>
                <CollectionType><![CDATA[10]]></CollectionType>
                <TitleDetail>
                    <TitleType></TitleType>
                    <TitleElement>
                        <TitleElementLevel></TitleElementLevel>
                        <PartNumber></PartNumber>
                        <TitleText><![CDATA[Ars Aequi Handboeken]]></TitleText>
                    </TitleElement>
                </TitleDetail>
            </Collection>
            <TitleDetail>
                <TitleType></TitleType>
                <TitleElement>
                    <TitleElementLevel></TitleElementLevel>
                    <TitleText><![CDATA[Kernbegrippen van de Algemene wet bestuursrecht]]></TitleText>
                    <Subtitle></Subtitle>
                </TitleElement>
            </TitleDetail>
            <Contributor>
                <SequenceNumber><![CDATA[1]]></SequenceNumber>
                <ContributorRole><![CDATA[A01]]></ContributorRole>
                <PersonName><![CDATA[F.T. Groenewegen]]></PersonName>
            </Contributor>
            <Contributor>
                <SequenceNumber><![CDATA[2]]></SequenceNumber>
                <ContributorRole><![CDATA[A01]]></ContributorRole>
                <PersonName><![CDATA[A.P. Klap  ]]></PersonName>
            </Contributor>
            <EditionNumber><![CDATA[1]]></EditionNumber>
            <Extent>
                <ExtentType></ExtentType>
                <ExtentValue></ExtentValue>
                <ExtentUnit></ExtentUnit>
            </Extent>
            <Subject>
                <SubjectSchemeIdentifier><![CDATA[23]]></SubjectSchemeIdentifier>
                <SubjectCode></SubjectCode>
                <SubjectHeadingText></SubjectHeadingText>
            </Subject>
        </DescriptiveDetail>
        <CollateralDetail>
            <TextContent>
                <TextType><![CDATA[03]]></TextType>
                <ContentAudience></ContentAudience>
                <Text textformat="02">In dit boek worden de drie basisbegrippen uit de Algemene wet bestuursrecht besproken: bestuursorgaan, besluit en belanghebbende. De nadruk ligt hierbij op de beschrijving van het geldende recht. De basisbegrippen en de toepassingscriteria worden zoveel mogelijk geïllustreerd aan de hand van voorbeelden uit de jurisprudentie.  Bestuursrecht wordt wel omschreven als het recht van, voor en tegen het overheidsbestuur. In deze omschrijving staat het overheidsbestuur centraal. Als we op het begrip overheidsbestuur inzoomen, blijkt dit zowel organisatorisch als functioneel te kunnen worden opgevat. Vanuit organisatorisch oogpunt gaat het om de vraag welke personen of instanties tot het overheidsbestuur kunnen worden gerekend. Deze vraag wordt in artikel 1:1 van de Algemene wet bestuursrecht (Awb) beantwoord. Tot het overheidsbestuur behoren de bestuursorganen als bedoeld in dit artikel. Functioneel gezien gaat het om de vraag wat het overheidsbestuur inhoudt. Deze vraag wordt in belangrijke mate beantwoord in artikel 1:3 van de Awb. Het besturen van de overheid komt met name tot uitdrukking in het nemen van besluiten als bedoeld in dit artikel. Bij het laatste element in de bovenstaande omschrijving gaat het om de rechtsbescherming tegen het overheidsbestuur. De door bestuursorganen genomen besluiten kunnen op grond van artikel 8:1 van de Awb door de bestuursrechter worden getoetst op rechtmatigheid. Maar uit dit artikel blijkt dat het recht om tegen een besluit beroep in te stellen alleen aan belanghebbenden als bedoeld in artikel 1:2 Awb toekomt.  Inzicht in de genoemde kernbegrippen van de Awb is essentieel voor een verdere bestudering van het bestuursrecht. In drie hoofdstukken wordt daarom achtereenvolgens ingegaan op de begrippen bestuursorgaan, besluit en belanghebbende.</Text>
            </TextContent>
        </CollateralDetail>
        <PublishingDetail>
            <Publisher>
                <PublishingRole><![CDATA[01]]></PublishingRole>
                <PublisherName><![CDATA[Ars Aequi]]></PublisherName>
            </Publisher>
            <CityOfPublication></CityOfPublication>
            <PublishingStatus><![CDATA[04]]></PublishingStatus>
            <PublishingDate>
                <PublishingDateRole><![CDATA[01]]></PublishingDateRole>
                <Date dateformat="00"><![CDATA[13-12-2017]]></Date>
            </PublishingDate>
            <PublishingDate>
                <PublishingDateRole><![CDATA[01]]></PublishingDateRole>
                <Date dateformat="05"><![CDATA[2017]]></Date>
            </PublishingDate>
        </PublishingDetail>
        <RelatedMaterial>
            <RelatedProduct>
                <ProductRelationCode><![CDATA[13]]></ProductRelationCode>
                <ProductIdentifier>
                    <ProductIDType><![CDATA[15]]></ProductIDType>
                    <IDValue><![CDATA[9789492766083]]></IDValue>
                </ProductIdentifier>
            </RelatedProduct>
        </RelatedMaterial>
        <ProductSupply>
            <SupplyDetail>
                <Supplier>
                    <SupplierRole></SupplierRole>
                    <SupplierName></SupplierName>
                </Supplier>
                <ProductAvailability></ProductAvailability>
                <Price>
                    <PriceType><![CDATA[01]]></PriceType>
                    <PriceAmount></PriceAmount>
                    <CurrencyCode><![CDATA[EUR]]></CurrencyCode>
                </Price>
            </SupplyDetail>
        </ProductSupply>
    </Product>
</ONIXMessage>
