<?xml version="1.0" encoding="UTF-8" standalone="yes"?>
<ONIXMessage xmlns="http://ns.editeur.org/onix/3.0/reference" xmlns:xsi="http://www.w3.org/2001/XMLSchema-instance" xsi:schemaLocation="http://ns.editeur.org/onix/3.0/reference ONIX_BookProduct_3.0_reference.xsd">
    <Header>
        <Sender>
            <SenderName></SenderName>
        </Sender>
        <SentDateTime></SentDateTime>
        <DefaultPriceType></DefaultPriceType>
        <DefaultCurrencyCode></DefaultCurrencyCode>
    </Header>
    <Product>
        <RecordReference></RecordReference>
        <NotificationType></NotificationType>
        <ProductIdentifier>
            <ProductIDType></ProductIDType>
            <IDValue></IDValue>
        </ProductIdentifier>
        <DescriptiveDetail>
            <ProductComposition></ProductComposition>
            <ProductForm></ProductForm>
            <Collection>
                <CollectionType><![CDATA[10]]></CollectionType>
                <TitleDetail>
                    <TitleType></TitleType>
                    <TitleElement>
                        <TitleElementLevel></TitleElementLevel>
                        <PartNumber></PartNumber>
                        <TitleText><![CDATA[Ars Aequi Handboeken]]></TitleText>
                    </TitleElement>
                </TitleDetail>
            </Collection>
            <TitleDetail>
                <TitleType></TitleType>
                <TitleElement>
                    <TitleElementLevel></TitleElementLevel>
                    <TitleText><![CDATA[Strafrechtelijk bewijsrecht]]></TitleText>
                    <Subtitle></Subtitle>
                </TitleElement>
            </TitleDetail>
            <Contributor>
                <SequenceNumber><![CDATA[1]]></SequenceNumber>
                <ContributorRole><![CDATA[A01]]></ContributorRole>
                <PersonName><![CDATA[J.F. Nijboer bewerkt door ]]></PersonName>
            </Contributor>
            <Contributor>
                <SequenceNumber><![CDATA[2]]></SequenceNumber>
                <ContributorRole><![CDATA[A01]]></ContributorRole>
                <PersonName><![CDATA[P.A.M. Mevis]]></PersonName>
            </Contributor>
            <Contributor>
                <SequenceNumber><![CDATA[3]]></SequenceNumber>
                <ContributorRole><![CDATA[A01]]></ContributorRole>
                <PersonName><![CDATA[J.H.J. Verbaan]]></PersonName>
            </Contributor>
            <Contributor>
                <SequenceNumber><![CDATA[4]]></SequenceNumber>
                <ContributorRole><![CDATA[A01]]></ContributorRole>
                <PersonName><![CDATA[J.S. Nan]]></PersonName>
            </Contributor>
            <EditionNumber><![CDATA[7]]></EditionNumber>
            <Extent>
                <ExtentType></ExtentType>
                <ExtentValue></ExtentValue>
                <ExtentUnit></ExtentUnit>
            </Extent>
            <Subject>
                <SubjectSchemeIdentifier><![CDATA[23]]></SubjectSchemeIdentifier>
                <SubjectCode></SubjectCode>
                <SubjectHeadingText></SubjectHeadingText>
            </Subject>
        </DescriptiveDetail>
        <CollateralDetail>
            <TextContent>
                <TextType><![CDATA[03]]></TextType>
                <ContentAudience></ContentAudience>
                <Text textformat="02">De laatste vijfentwintig jaar is het bewijs en het bewijsrecht uitgegroeid tot één van de belangrijkste en meest bediscussieerde onderwerpen binnen het strafprocesrecht. Het nationale recht en in het bijzonder de rechtspraktijk ondergaan in hoge mate invloed van het zich ontwikkelende mensenrechtenrecht, terwijl ook merkbaar is dat buitenlandse opvattingen en standaarden hun invloed doen gelden, bijvoorbeeld via het enorm toegenomen (kleine) rechtshulpverkeer en via de internationale tribunalen inzake oorlogsmisdrijven. Voorts kan de theorie van het bewijs zich verheugen in een groeiende belangstelling, waarbij ook wetenschappers en practici vanuit andere (forensische) disciplines zich niet onbetuigd laten. Ook deze ontwikkeling is over de nationale grenzen heen merkbaar.  Dit boek biedt een systematische behandeling van het Nederlandse strafrechtelijk bewijsrecht. De huidige stand van het recht wordt besproken, kritisch geëvalueerd en hier en daar tevens bezien in het licht van ontwikkelingen elders en te verwachten ontwikkelingen hier te lande.  Bijzondere aandacht wordt geschonken aan spanningen die de rechtsontwikkeling te zien geeft, bijvoorbeeld ten aanzien van enerzijds de vooronderstellingen waar vanuit de ontwerpers van het Wetboek van Strafvordering (1926) de wettelijke bewijsregeling hebben vormgegeven en anderzijds de praktijk van de rechtspraak, met name zoals deze reilt en zeilt binnen de door de Hoge Raad der Nederlanden en het Europees Hof voor de Rechten van de Mens uitgezette kaders.  Strafrechtelijk bewijsrecht is te gebruiken als studieboek in de rechtenstudie en als handboek in de rechtspraktijk en in de parajuridische sfeer, met name in de praktijk van forensische deskundigen.  Strafrechtelijk bewijsrecht is oorspronkelijk geschreven door Hans Nijboer. Hij was in leven hoogleraar bewijs en bewijsrecht aan de Universiteit Leiden. Als zodanig was hij directeur van het International Network for Research on (the Law of) Evidence and Procedure (INREP) en het Seminarium voor Bewijsrecht.  Voor deze zevende druk is de bewerking voortgezet door P.A.M. Mevis, J.S. Nan en J.H.J. Verbaan, allen verbonden aan de sectie strafrecht van de Erasmus Universiteit Rotterdam. Deze zevende druk strekt daarbij vooral tot actualisering.</Text>
            </TextContent>
        </CollateralDetail>
        <PublishingDetail>
            <Publisher>
                <PublishingRole><![CDATA[01]]></PublishingRole>
                <PublisherName><![CDATA[Ars Aequi]]></PublisherName>
            </Publisher>
            <CityOfPublication></CityOfPublication>
            <PublishingStatus><![CDATA[04]]></PublishingStatus>
            <PublishingDate>
                <PublishingDateRole><![CDATA[01]]></PublishingDateRole>
                <Date dateformat="00"><![CDATA[04-09-2017]]></Date>
            </PublishingDate>
            <PublishingDate>
                <PublishingDateRole><![CDATA[01]]></PublishingDateRole>
                <Date dateformat="05"><![CDATA[2017]]></Date>
            </PublishingDate>
        </PublishingDetail>
        <RelatedMaterial>
            <RelatedProduct>
                <ProductRelationCode><![CDATA[13]]></ProductRelationCode>
                <ProductIdentifier>
                    <ProductIDType><![CDATA[15]]></ProductIDType>
                    <IDValue><![CDATA[9789069168470]]></IDValue>
                </ProductIdentifier>
            </RelatedProduct>
        </RelatedMaterial>
        <ProductSupply>
            <SupplyDetail>
                <Supplier>
                    <SupplierRole></SupplierRole>
                    <SupplierName></SupplierName>
                </Supplier>
                <ProductAvailability></ProductAvailability>
                <Price>
                    <PriceType><![CDATA[01]]></PriceType>
                    <PriceAmount><![CDATA[39.91]]></PriceAmount>
                    <CurrencyCode><![CDATA[EUR]]></CurrencyCode>
                </Price>
            </SupplyDetail>
        </ProductSupply>
    </Product>
</ONIXMessage>
