<?xml version="1.0" encoding="UTF-8" standalone="yes"?>
<ONIXMessage xmlns="http://ns.editeur.org/onix/3.0/reference" xmlns:xsi="http://www.w3.org/2001/XMLSchema-instance" xsi:schemaLocation="http://ns.editeur.org/onix/3.0/reference ONIX_BookProduct_3.0_reference.xsd">
    <Header>
        <Sender>
            <SenderName></SenderName>
        </Sender>
        <SentDateTime></SentDateTime>
        <DefaultPriceType></DefaultPriceType>
        <DefaultCurrencyCode></DefaultCurrencyCode>
    </Header>
    <Product>
        <RecordReference></RecordReference>
        <NotificationType></NotificationType>
        <ProductIdentifier>
            <ProductIDType></ProductIDType>
            <IDValue></IDValue>
        </ProductIdentifier>
        <DescriptiveDetail>
            <ProductComposition></ProductComposition>
            <ProductForm></ProductForm>
            <Collection>
                <CollectionType><![CDATA[10]]></CollectionType>
                <TitleDetail>
                    <TitleType></TitleType>
                    <TitleElement>
                        <TitleElementLevel></TitleElementLevel>
                        <PartNumber></PartNumber>
                        <TitleText></TitleText>
                    </TitleElement>
                </TitleDetail>
            </Collection>
            <TitleDetail>
                <TitleType></TitleType>
                <TitleElement>
                    <TitleElementLevel></TitleElementLevel>
                    <TitleText><![CDATA[Procederen over mensenrechten onder het EVRM, IVBPR en andere VN-verdragen]]></TitleText>
                    <Subtitle></Subtitle>
                </TitleElement>
            </TitleDetail>
            <Contributor>
                <SequenceNumber><![CDATA[1]]></SequenceNumber>
                <ContributorRole><![CDATA[A01]]></ContributorRole>
                <PersonName></PersonName>
            </Contributor>
            <Contributor>
                <SequenceNumber><![CDATA[2]]></SequenceNumber>
                <ContributorRole><![CDATA[A01]]></ContributorRole>
                <PersonName><![CDATA[T. Barkhuysen]]></PersonName>
            </Contributor>
            <Contributor>
                <SequenceNumber><![CDATA[3]]></SequenceNumber>
                <ContributorRole><![CDATA[A01]]></ContributorRole>
                <PersonName><![CDATA[M.L. van Emmerik]]></PersonName>
            </Contributor>
            <Contributor>
                <SequenceNumber><![CDATA[4]]></SequenceNumber>
                <ContributorRole><![CDATA[A01]]></ContributorRole>
                <PersonName><![CDATA[E.R. Rieter  ]]></PersonName>
            </Contributor>
            <EditionNumber><![CDATA[2]]></EditionNumber>
            <Extent>
                <ExtentType></ExtentType>
                <ExtentValue></ExtentValue>
                <ExtentUnit></ExtentUnit>
            </Extent>
            <Subject>
                <SubjectSchemeIdentifier><![CDATA[23]]></SubjectSchemeIdentifier>
                <SubjectCode></SubjectCode>
                <SubjectHeadingText></SubjectHeadingText>
            </Subject>
        </DescriptiveDetail>
        <CollateralDetail>
            <TextContent>
                <TextType><![CDATA[03]]></TextType>
                <ContentAudience></ContentAudience>
                <Text textformat="02">De mogelijkheden voor rechtzoekenden om op internationaal niveau te klagen over schendingen van mensenrechten zijn de afgelopen decennia fors toegenomen. Er bestaan thans klachtprocedures onder het Europees Verdrag voor de Rechten van de Mens, het Internationaal Verdrag inzake de uitbanning van alle vormen van Rassendiscriminatie, het Internationaal Verdrag inzake Burgerlijke en Politieke Rechten, het Verdrag tegen Foltering en het Internationaal Verdrag inzake de uitbanning van alle vormen van Discriminatie van Vrouwen. In de praktijk wordt ook in toenemende mate een beroep gedaan op deze mensenrechtenverdragen, zowel op nationaal als op internationaal niveau.  Dit boek beoogt een praktische handleiding te bieden voor het gebruik van deze internationale procedures en besteedt ook aandacht aan de nationale procedures die daaraan vooraf gaan en eventuele nationale vervolgprocedures ter verkrijging van daadwerkelijk rechtsherstel na een geconstateerde verdragsschending. Daarbij wordt tevens ingegaan op de soms moeilijke vraag wanneer welke internationale procedure te gebruiken, een vraag die vaak aan de orde is omdat de diverse verdragen een relatief grote mate van overlap kennen ten aanzien van de beschermde rechten. Het boek is voorzien van een ruime lijst van nuttige verwijzingen naar literatuur, jurisprudentie en praktisch relevante (internet)adressen. Daarmee is het bruikbaar voor zowel de rechtspraktijk als voor studiedoeleinden.  In deze tweede, geheel herziene, druk van het boek wordt – onder handhaving van de behandeling van de huidige procedure – geanticipeerd op de inwerking van het Veertiende Protocol bij het EVRM dat de procedure voor het Europese Hof voor de Rechten van de Mens ingrijpend zal doen wijzigen. Ook de belangrijkste nieuwe ontwikkelingen ten aanzien van VN-procedures worden meegenomen. Dat geldt eveneens voor nieuwe wetgeving en jurisprudentie die van belang zijn voor de mensenrechtelijke procedures op nationaal niveau.</Text>
            </TextContent>
        </CollateralDetail>
        <PublishingDetail>
            <Publisher>
                <PublishingRole><![CDATA[01]]></PublishingRole>
                <PublisherName><![CDATA[Ars Aequi]]></PublisherName>
            </Publisher>
            <CityOfPublication></CityOfPublication>
            <PublishingStatus><![CDATA[04]]></PublishingStatus>
            <PublishingDate>
                <PublishingDateRole><![CDATA[01]]></PublishingDateRole>
                <Date dateformat="00"><![CDATA[08-04-2008]]></Date>
            </PublishingDate>
            <PublishingDate>
                <PublishingDateRole><![CDATA[01]]></PublishingDateRole>
                <Date dateformat="05"><![CDATA[2008]]></Date>
            </PublishingDate>
        </PublishingDetail>
        <RelatedMaterial>
            <RelatedProduct>
                <ProductRelationCode><![CDATA[13]]></ProductRelationCode>
                <ProductIdentifier>
                    <ProductIDType><![CDATA[15]]></ProductIDType>
                    <IDValue><![CDATA[9789069165479]]></IDValue>
                </ProductIdentifier>
            </RelatedProduct>
        </RelatedMaterial>
        <ProductSupply>
            <SupplyDetail>
                <Supplier>
                    <SupplierRole></SupplierRole>
                    <SupplierName></SupplierName>
                </Supplier>
                <ProductAvailability></ProductAvailability>
                <Price>
                    <PriceType><![CDATA[01]]></PriceType>
                    <PriceAmount><![CDATA[25.23]]></PriceAmount>
                    <CurrencyCode><![CDATA[EUR]]></CurrencyCode>
                </Price>
            </SupplyDetail>
        </ProductSupply>
    </Product>
</ONIXMessage>
