<?xml version="1.0" encoding="UTF-8" standalone="yes"?>
<ONIXMessage xmlns="http://ns.editeur.org/onix/3.0/reference" xmlns:xsi="http://www.w3.org/2001/XMLSchema-instance" xsi:schemaLocation="http://ns.editeur.org/onix/3.0/reference ONIX_BookProduct_3.0_reference.xsd">
    <Header>
        <Sender>
            <SenderName></SenderName>
        </Sender>
        <SentDateTime></SentDateTime>
        <DefaultPriceType></DefaultPriceType>
        <DefaultCurrencyCode></DefaultCurrencyCode>
    </Header>
    <Product>
        <RecordReference></RecordReference>
        <NotificationType></NotificationType>
        <ProductIdentifier>
            <ProductIDType></ProductIDType>
            <IDValue></IDValue>
        </ProductIdentifier>
        <DescriptiveDetail>
            <ProductComposition></ProductComposition>
            <ProductForm></ProductForm>
            <Collection>
                <CollectionType><![CDATA[10]]></CollectionType>
                <TitleDetail>
                    <TitleType></TitleType>
                    <TitleElement>
                        <TitleElementLevel></TitleElementLevel>
                        <PartNumber></PartNumber>
                        <TitleText><![CDATA[Ars Aequi Cahier Strafrecht]]></TitleText>
                    </TitleElement>
                </TitleDetail>
            </Collection>
            <TitleDetail>
                <TitleType></TitleType>
                <TitleElement>
                    <TitleElementLevel></TitleElementLevel>
                    <TitleText><![CDATA[Voorbereidingshandelingen]]></TitleText>
                    <Subtitle></Subtitle>
                </TitleElement>
            </TitleDetail>
            <Contributor>
                <SequenceNumber><![CDATA[1]]></SequenceNumber>
                <ContributorRole><![CDATA[A01]]></ContributorRole>
                <PersonName><![CDATA[E. Sikkema  ]]></PersonName>
            </Contributor>
            <EditionNumber><![CDATA[1]]></EditionNumber>
            <Extent>
                <ExtentType></ExtentType>
                <ExtentValue></ExtentValue>
                <ExtentUnit></ExtentUnit>
            </Extent>
            <Subject>
                <SubjectSchemeIdentifier><![CDATA[23]]></SubjectSchemeIdentifier>
                <SubjectCode></SubjectCode>
                <SubjectHeadingText></SubjectHeadingText>
            </Subject>
        </DescriptiveDetail>
        <CollateralDetail>
            <TextContent>
                <TextType><![CDATA[03]]></TextType>
                <ContentAudience></ContentAudience>
                <Text textformat="02">Aanvankelijk waren voorbereidingshandelingen in het wetboek van strafrecht slechts bij hoge uitzondering strafbaar gesteld. Dit uitgangspunt is verlaten toen in 1994 in art. 46 Sr een algemene strafbaarstelling van de voorbereiding van ernstige misdrijven werd opgenomen. In dit Ars Aequi Strafrecht cahier worden de grenzen verkend die dit artikel stelt aan de strafrechtelijke aansprakelijkheid ter zake van voorbereidingshandelingen.  Sinds de invoering van deze strafbaarstelling zijn inmiddels in 2002 en 2007 twee wetswijzigingen gevolgd, die tot gevolg hebben gehad dat achtereenvolgens de woorden ‘in vereniging’ en ‘kennelijk’ uit de wettelijke omschrijving zijn geschrapt. Naar aanleiding van de laatstgenoemde wijziging is in de literatuur discussie ontstaan over de vraag of deze heeft geleid tot een ‘subjectivering’ van de strafbaarstelling. Deze vraag hangt nauw samen met de betekenis die moet worden toegekend aan het standaardarrest dat de Hoge Raad in 2007 heeft gewezen in de strafzaak tegen Samir A. Daarom wordt in dit cahier ook ruim aandacht besteed aan de (objectieve dan wel subjectieve) wijze waarop in de recente lagere rechtspraak toepassing wordt gegeven aan de in dat arrest geformuleerde criteria.  Veel publicaties over het onderwerp voorbereidingshandelingen zijn inmiddels deels verouderd sinds de hierboven genoemde wetswijzigingen en het Samir A-arrest. Dit cahier wil in deze leemte voorzien door een overzicht te geven van de actuele stand van zaken rond de strafbaarstelling van voorbereidingshandelingen. Twintig jaar na de indiening van het wetsvoorstel dat heeft geleid tot de (destijds omstreden) invoering van het huidige art. 46 Sr wordt de balans nog eens opgemaakt. Tevens wordt een eigen opvatting geformuleerd ten aanzien van de interpretatie die aan art. 46 Sr moet worden gegeven, waarbij de ratio van deze strafbaarstelling (zoals deze de wetgever voor ogen stond) het uitgangspunt vormt. Dit alles mondt uit in een pleidooi voor een gematigd objectieve voorbereidingsleer.</Text>
            </TextContent>
        </CollateralDetail>
        <PublishingDetail>
            <Publisher>
                <PublishingRole><![CDATA[01]]></PublishingRole>
                <PublisherName><![CDATA[Ars Aequi]]></PublisherName>
            </Publisher>
            <CityOfPublication></CityOfPublication>
            <PublishingStatus><![CDATA[04]]></PublishingStatus>
            <PublishingDate>
                <PublishingDateRole><![CDATA[01]]></PublishingDateRole>
                <Date dateformat="00"><![CDATA[24-01-2012]]></Date>
            </PublishingDate>
            <PublishingDate>
                <PublishingDateRole><![CDATA[01]]></PublishingDateRole>
                <Date dateformat="05"><![CDATA[2011]]></Date>
            </PublishingDate>
        </PublishingDetail>
        <RelatedMaterial>
            <RelatedProduct>
                <ProductRelationCode><![CDATA[13]]></ProductRelationCode>
                <ProductIdentifier>
                    <ProductIDType><![CDATA[15]]></ProductIDType>
                    <IDValue><![CDATA[9789069166766]]></IDValue>
                </ProductIdentifier>
            </RelatedProduct>
        </RelatedMaterial>
        <ProductSupply>
            <SupplyDetail>
                <Supplier>
                    <SupplierRole></SupplierRole>
                    <SupplierName></SupplierName>
                </Supplier>
                <ProductAvailability></ProductAvailability>
                <Price>
                    <PriceType><![CDATA[01]]></PriceType>
                    <PriceAmount><![CDATA[25.23]]></PriceAmount>
                    <CurrencyCode><![CDATA[EUR]]></CurrencyCode>
                </Price>
            </SupplyDetail>
        </ProductSupply>
    </Product>
</ONIXMessage>
