<?xml version="1.0" encoding="UTF-8" standalone="yes"?>
<ONIXMessage xmlns="http://ns.editeur.org/onix/3.0/reference" xmlns:xsi="http://www.w3.org/2001/XMLSchema-instance" xsi:schemaLocation="http://ns.editeur.org/onix/3.0/reference ONIX_BookProduct_3.0_reference.xsd">
    <Header>
        <Sender>
            <SenderName></SenderName>
        </Sender>
        <SentDateTime></SentDateTime>
        <DefaultPriceType></DefaultPriceType>
        <DefaultCurrencyCode></DefaultCurrencyCode>
    </Header>
    <Product>
        <RecordReference></RecordReference>
        <NotificationType></NotificationType>
        <ProductIdentifier>
            <ProductIDType></ProductIDType>
            <IDValue></IDValue>
        </ProductIdentifier>
        <DescriptiveDetail>
            <ProductComposition></ProductComposition>
            <ProductForm></ProductForm>
            <Collection>
                <CollectionType><![CDATA[10]]></CollectionType>
                <TitleDetail>
                    <TitleType></TitleType>
                    <TitleElement>
                        <TitleElementLevel></TitleElementLevel>
                        <PartNumber></PartNumber>
                        <TitleText><![CDATA[Ars Aequi Handboeken]]></TitleText>
                    </TitleElement>
                </TitleDetail>
            </Collection>
            <TitleDetail>
                <TitleType></TitleType>
                <TitleElement>
                    <TitleElementLevel></TitleElementLevel>
                    <TitleText><![CDATA[Grondrechten]]></TitleText>
                    <Subtitle></Subtitle>
                </TitleElement>
            </TitleDetail>
            <Contributor>
                <SequenceNumber><![CDATA[1]]></SequenceNumber>
                <ContributorRole><![CDATA[A01]]></ContributorRole>
                <PersonName><![CDATA[B. Barentsen]]></PersonName>
            </Contributor>
            <Contributor>
                <SequenceNumber><![CDATA[2]]></SequenceNumber>
                <ContributorRole><![CDATA[A01]]></ContributorRole>
                <PersonName><![CDATA[T. Barkhuysen]]></PersonName>
            </Contributor>
            <Contributor>
                <SequenceNumber><![CDATA[3]]></SequenceNumber>
                <ContributorRole><![CDATA[A01]]></ContributorRole>
                <PersonName><![CDATA[J.H. Crijns]]></PersonName>
            </Contributor>
            <Contributor>
                <SequenceNumber><![CDATA[4]]></SequenceNumber>
                <ContributorRole><![CDATA[A01]]></ContributorRole>
                <PersonName><![CDATA[M.L. van Emmerik]]></PersonName>
            </Contributor>
            <Contributor>
                <SequenceNumber><![CDATA[5]]></SequenceNumber>
                <ContributorRole><![CDATA[A01]]></ContributorRole>
                <PersonName><![CDATA[J.H. Gerards]]></PersonName>
            </Contributor>
            <Contributor>
                <SequenceNumber><![CDATA[6]]></SequenceNumber>
                <ContributorRole><![CDATA[A01]]></ContributorRole>
                <PersonName><![CDATA[F.C. van der Jagt]]></PersonName>
            </Contributor>
            <Contributor>
                <SequenceNumber><![CDATA[7]]></SequenceNumber>
                <ContributorRole><![CDATA[A01]]></ContributorRole>
                <PersonName><![CDATA[J.P. Loof]]></PersonName>
            </Contributor>
            <Contributor>
                <SequenceNumber><![CDATA[8]]></SequenceNumber>
                <ContributorRole><![CDATA[A01]]></ContributorRole>
                <PersonName><![CDATA[A.J. Nieuwenhuis]]></PersonName>
            </Contributor>
            <Contributor>
                <SequenceNumber><![CDATA[9]]></SequenceNumber>
                <ContributorRole><![CDATA[A01]]></ContributorRole>
                <PersonName><![CDATA[K.M. de Vries  ]]></PersonName>
            </Contributor>
            <EditionNumber><![CDATA[1]]></EditionNumber>
            <Extent>
                <ExtentType></ExtentType>
                <ExtentValue></ExtentValue>
                <ExtentUnit></ExtentUnit>
            </Extent>
            <Subject>
                <SubjectSchemeIdentifier><![CDATA[23]]></SubjectSchemeIdentifier>
                <SubjectCode></SubjectCode>
                <SubjectHeadingText></SubjectHeadingText>
            </Subject>
        </DescriptiveDetail>
        <CollateralDetail>
            <TextContent>
                <TextType><![CDATA[03]]></TextType>
                <ContentAudience></ContentAudience>
                <Text textformat="02">Grondrechten spelen tegenwoordig op vrijwel alle rechtsterreinen een rol, van het algemeen privaatrecht tot het staatsrecht, en van het belastingrecht tot het openbare-orderecht. Ook worden grondrechten door steeds meer instrumenten gereguleerd. De bescherming van grondrechten is door deze ontwikkelingen bijzonder complex geworden. Het is niet altijd gemakkelijk te doorgronden welke eisen op de verschillende ‘niveaus’ van grondrechtenbescherming (internationaal, Europees, nationaal) worden gesteld en hoe die zich tot elkaar verhouden. Dit boek verschaft daarom een integraal en gestructureerd overzicht van de eisen die vanuit het internationale, het Europese en het nationale recht worden gesteld bij de bescherming van grondrechten. Voor ruim twintig grondrechten, variërend van het folterverbod en het recht op vrijheid van meningsuiting tot het recht op een schone leefomgeving, biedt dit boek een overzicht van de juridische stand van zaken.  Voor ieder grondrecht behandelt dit boek de regelgeving en rechtspraak vanuit de Raad van Europa, waarbij veelal EVRM en de EHRM-rechtspraak centraal staan. Daarnaast wordt uitgebreid ingegaan op de regelgeving en rechtspraak in het kader van de Europese Unie, in het bijzonder het EU-Grondrechtenhandvest. Vervolgens komt steeds de nationale bescherming aan de orde, in het bijzonder de bescherming die wordt geboden door de Grondwet. Een afzonderlijke paragraaf is voor elk grondrecht gewijd aan internationale regulering van het grondrecht, zoals regulering door het IVBPR. Iedere bespreking van een grondrecht wordt besloten met een integratieparagraaf, waarin wordt belicht hoe de verschillende niveaus van grondrechtenbescherming met elkaar samenhangen, waarin zij van elkaar verschillen of overlappen, en waar mogelijke knelpunten bestaan. Dit boek biedt een ideale basis voor studenten, praktijkjuristen en wetenschappers die willen weten hoe individuele grondrechten in de praktijk vorm en inhoud hebben gekregen. Daarnaast zal het diegenen aanspreken die op zoek zijn naar inzicht in de wisselwerking tussen de verschillende instrumenten waardoor de grondrechten worden beschermd.</Text>
            </TextContent>
        </CollateralDetail>
        <PublishingDetail>
            <Publisher>
                <PublishingRole><![CDATA[01]]></PublishingRole>
                <PublisherName><![CDATA[Ars Aequi]]></PublisherName>
            </Publisher>
            <CityOfPublication></CityOfPublication>
            <PublishingStatus><![CDATA[04]]></PublishingStatus>
            <PublishingDate>
                <PublishingDateRole><![CDATA[01]]></PublishingDateRole>
                <Date dateformat="00"><![CDATA[15-07-2013]]></Date>
            </PublishingDate>
            <PublishingDate>
                <PublishingDateRole><![CDATA[01]]></PublishingDateRole>
                <Date dateformat="05"><![CDATA[2013]]></Date>
            </PublishingDate>
        </PublishingDetail>
        <RelatedMaterial>
            <RelatedProduct>
                <ProductRelationCode><![CDATA[13]]></ProductRelationCode>
                <ProductIdentifier>
                    <ProductIDType><![CDATA[15]]></ProductIDType>
                    <IDValue><![CDATA[9789069169200]]></IDValue>
                </ProductIdentifier>
            </RelatedProduct>
        </RelatedMaterial>
        <ProductSupply>
            <SupplyDetail>
                <Supplier>
                    <SupplierRole></SupplierRole>
                    <SupplierName></SupplierName>
                </Supplier>
                <ProductAvailability></ProductAvailability>
                <Price>
                    <PriceType><![CDATA[01]]></PriceType>
                    <PriceAmount></PriceAmount>
                    <CurrencyCode><![CDATA[EUR]]></CurrencyCode>
                </Price>
            </SupplyDetail>
        </ProductSupply>
    </Product>
</ONIXMessage>
