<?xml version="1.0" encoding="UTF-8" standalone="yes"?>
<ONIXMessage xmlns="http://ns.editeur.org/onix/3.0/reference" xmlns:xsi="http://www.w3.org/2001/XMLSchema-instance" xsi:schemaLocation="http://ns.editeur.org/onix/3.0/reference ONIX_BookProduct_3.0_reference.xsd">
    <Header>
        <Sender>
            <SenderName></SenderName>
        </Sender>
        <SentDateTime></SentDateTime>
        <DefaultPriceType></DefaultPriceType>
        <DefaultCurrencyCode></DefaultCurrencyCode>
    </Header>
    <Product>
        <RecordReference></RecordReference>
        <NotificationType></NotificationType>
        <ProductIdentifier>
            <ProductIDType></ProductIDType>
            <IDValue></IDValue>
        </ProductIdentifier>
        <DescriptiveDetail>
            <ProductComposition></ProductComposition>
            <ProductForm></ProductForm>
            <Collection>
                <CollectionType><![CDATA[10]]></CollectionType>
                <TitleDetail>
                    <TitleType></TitleType>
                    <TitleElement>
                        <TitleElementLevel></TitleElementLevel>
                        <PartNumber></PartNumber>
                        <TitleText><![CDATA[Ars Aequi Cahier Privaatrecht]]></TitleText>
                    </TitleElement>
                </TitleDetail>
            </Collection>
            <TitleDetail>
                <TitleType></TitleType>
                <TitleElement>
                    <TitleElementLevel></TitleElementLevel>
                    <TitleText><![CDATA[Conflictoplossing en scheidingsrecht]]></TitleText>
                    <Subtitle></Subtitle>
                </TitleElement>
            </TitleDetail>
            <Contributor>
                <SequenceNumber><![CDATA[1]]></SequenceNumber>
                <ContributorRole><![CDATA[A01]]></ContributorRole>
                <PersonName><![CDATA[L.M. Coenraad  ]]></PersonName>
            </Contributor>
            <EditionNumber><![CDATA[1]]></EditionNumber>
            <Extent>
                <ExtentType></ExtentType>
                <ExtentValue></ExtentValue>
                <ExtentUnit></ExtentUnit>
            </Extent>
            <Subject>
                <SubjectSchemeIdentifier><![CDATA[23]]></SubjectSchemeIdentifier>
                <SubjectCode></SubjectCode>
                <SubjectHeadingText></SubjectHeadingText>
            </Subject>
        </DescriptiveDetail>
        <CollateralDetail>
            <TextContent>
                <TextType><![CDATA[03]]></TextType>
                <ContentAudience></ContentAudience>
                <Text textformat="02">In de politiek, praktijk en wetenschap wordt actief gezocht naar manieren waarop een harmonieuze afwikkeling van een (echt)scheiding kan worden gestimuleerd. Daarbij wordt gestreefd naar het voorkomen van scheidings- en omgangsproblematiek: langdurige, conflictueuze scheidingsprocedures op tegenspraak over de afwikkeling van de scheiding of, nadien, over problemen bij de naleving van vooral omgangs- en alimentatieregelingen. Dit streven naar een harmonieuze scheiding heeft een voorlopig hoogtepunt bereikt in de op 1 maart 2009 in werking getreden Wet bevordering voortgezet ouderschap en zorgvuldige scheiding. Daarbij zijn materiële normen betreffende het ouderschap na scheiding en procesrechtelijke regelingen inzake het verplicht ouderschapsplan, de substantiëringsplicht voor scheidingsprocedures en de verwijzing door de rechter naar mediation aan de wet toegevoegd. Dergelijke maatregelen ter stimulering van een harmonieuze, deëscalerende en dejuridiserende regeling van scheiding, en vooral van de gevolgen daarvan, passen geheel in het algemene streven – met name op het terrein van het privaatrecht en het bestuursrecht – naar het daadwerkelijk oplossen van conflicten, waarbij naast juridische en financiële belangen ook aandacht is voor emotionele belangen.  In dit Ars Aequi Privaatrecht cahier wordt het scheidings(proces)recht benaderd vanuit dit actuele perspectief van conflictoplossing. Tegen deze achtergrond staan de wijze waarop een scheiding wordt verkregen en de wijze waarop de gevolgen van scheiding (moeten) worden geregeld centraal. Het cahier heeft een tweeledig doel. Enerzijds beoogt het de huidige stand van zaken op het terrein van conflictoplossing bij scheiding in wetgeving(sgeschiedenis), jurisprudentie en literatuur weer te geven. Hiermee is het cahier primair geschreven voor (master)studenten die het scheidingsrecht wat uitgebreider en meer verdiepend willen bestuderen in het kader van een verdiepend vak personen- en familierecht, een keuzevak of hun scriptie. Voorts tracht het cahier beginnende practici op het terrein van het familierecht te bedienen, zoals sectoroverstappers binnen de rechterlijke macht, beginnende of overstappende gerechtssecretarissen/juridisch medewerkers en advocaat-stagiaires. Anderzijds beoogt het cahier bij te dragen aan de wetenschappelijke en politieke discussie over dit onderwerp, zodat het cahier ook nuttig kan zijn voor academici (vanuit zowel de familierecht- als de rechtsplegingshoek) en politici die zich met conflictoplossing, in het bijzonder op het gebied van scheiding, bezighouden. </Text>
            </TextContent>
        </CollateralDetail>
        <PublishingDetail>
            <Publisher>
                <PublishingRole><![CDATA[01]]></PublishingRole>
                <PublisherName><![CDATA[Ars Aequi]]></PublisherName>
            </Publisher>
            <CityOfPublication></CityOfPublication>
            <PublishingStatus><![CDATA[04]]></PublishingStatus>
            <PublishingDate>
                <PublishingDateRole><![CDATA[01]]></PublishingDateRole>
                <Date dateformat="00"><![CDATA[13-01-2011]]></Date>
            </PublishingDate>
            <PublishingDate>
                <PublishingDateRole><![CDATA[01]]></PublishingDateRole>
                <Date dateformat="05"><![CDATA[2011]]></Date>
            </PublishingDate>
        </PublishingDetail>
        <RelatedMaterial>
            <RelatedProduct>
                <ProductRelationCode><![CDATA[13]]></ProductRelationCode>
                <ProductIdentifier>
                    <ProductIDType><![CDATA[15]]></ProductIDType>
                    <IDValue><![CDATA[9789069169156]]></IDValue>
                </ProductIdentifier>
            </RelatedProduct>
        </RelatedMaterial>
        <ProductSupply>
            <SupplyDetail>
                <Supplier>
                    <SupplierRole></SupplierRole>
                    <SupplierName></SupplierName>
                </Supplier>
                <ProductAvailability></ProductAvailability>
                <Price>
                    <PriceType><![CDATA[01]]></PriceType>
                    <PriceAmount><![CDATA[25.23]]></PriceAmount>
                    <CurrencyCode><![CDATA[EUR]]></CurrencyCode>
                </Price>
            </SupplyDetail>
        </ProductSupply>
    </Product>
</ONIXMessage>
