<?xml version="1.0" encoding="UTF-8" standalone="yes"?>
<ONIXMessage xmlns="http://ns.editeur.org/onix/3.0/reference" xmlns:xsi="http://www.w3.org/2001/XMLSchema-instance" xsi:schemaLocation="http://ns.editeur.org/onix/3.0/reference ONIX_BookProduct_3.0_reference.xsd">
    <Header>
        <Sender>
            <SenderName></SenderName>
        </Sender>
        <SentDateTime></SentDateTime>
        <DefaultPriceType></DefaultPriceType>
        <DefaultCurrencyCode></DefaultCurrencyCode>
    </Header>
    <Product>
        <RecordReference></RecordReference>
        <NotificationType></NotificationType>
        <ProductIdentifier>
            <ProductIDType></ProductIDType>
            <IDValue></IDValue>
        </ProductIdentifier>
        <DescriptiveDetail>
            <ProductComposition></ProductComposition>
            <ProductForm></ProductForm>
            <Collection>
                <CollectionType><![CDATA[10]]></CollectionType>
                <TitleDetail>
                    <TitleType></TitleType>
                    <TitleElement>
                        <TitleElementLevel></TitleElementLevel>
                        <PartNumber></PartNumber>
                        <TitleText><![CDATA[Ars Aequi Cahier Privaatrecht]]></TitleText>
                    </TitleElement>
                </TitleDetail>
            </Collection>
            <TitleDetail>
                <TitleType></TitleType>
                <TitleElement>
                    <TitleElementLevel></TitleElementLevel>
                    <TitleText><![CDATA[Medische aansprakelijkheid]]></TitleText>
                    <Subtitle></Subtitle>
                </TitleElement>
            </TitleDetail>
            <Contributor>
                <SequenceNumber><![CDATA[1]]></SequenceNumber>
                <ContributorRole><![CDATA[A01]]></ContributorRole>
                <PersonName><![CDATA[R.P. Wijne  ]]></PersonName>
            </Contributor>
            <EditionNumber><![CDATA[2]]></EditionNumber>
            <Extent>
                <ExtentType></ExtentType>
                <ExtentValue></ExtentValue>
                <ExtentUnit></ExtentUnit>
            </Extent>
            <Subject>
                <SubjectSchemeIdentifier><![CDATA[23]]></SubjectSchemeIdentifier>
                <SubjectCode></SubjectCode>
                <SubjectHeadingText></SubjectHeadingText>
            </Subject>
        </DescriptiveDetail>
        <CollateralDetail>
            <TextContent>
                <TextType><![CDATA[03]]></TextType>
                <ContentAudience></ContentAudience>
                <Text textformat="02">Patiënten kunnen tijdens of in verband met een geneeskundige behandeling door een arts te maken krijgen met (vermijdbare of onbedoelde) schade, in de zin van lichamelijk letsel, geestelijk letsel, of een aantasting van het zelfbeschikkingsrecht.  Heeft de schade zich gemanifesteerd, dan is één van de behoeften van de patiënt het verkrijgen van een vergoeding ter compensatie van die schade. Doorgaans wordt het civiele aansprakelijkheidsrecht gebruikt om de vergoeding te realiseren. Er is immers geen ander ‘recht’ dat een compensatiefunctie kent. Het thema van dit boekje betreft dan ook het civiele aansprakelijkheidsrecht als middel om schade te verhalen.  In dit Ars Aequi Privaatrecht cahier staat de vraag centraal aan welke voorwaarden moet zijn voldaan wil de patiënt via het civiele aansprakelijkheidsrecht zijn schade kunnen verhalen op de hulpverlener. Bedoelde voorwaarden worden in dit boekje beschreven en geanalyseerd. Het doel is de lezer een overzicht te verschaffen van en inzicht te bieden in de werking van het civiele aansprakelijkheidsrecht in medische kwesties.</Text>
            </TextContent>
        </CollateralDetail>
        <PublishingDetail>
            <Publisher>
                <PublishingRole><![CDATA[01]]></PublishingRole>
                <PublisherName><![CDATA[Ars Aequi]]></PublisherName>
            </Publisher>
            <CityOfPublication></CityOfPublication>
            <PublishingStatus><![CDATA[04]]></PublishingStatus>
            <PublishingDate>
                <PublishingDateRole><![CDATA[01]]></PublishingDateRole>
                <Date dateformat="00"><![CDATA[25-02-2019]]></Date>
            </PublishingDate>
            <PublishingDate>
                <PublishingDateRole><![CDATA[01]]></PublishingDateRole>
                <Date dateformat="05"><![CDATA[2019]]></Date>
            </PublishingDate>
        </PublishingDetail>
        <RelatedMaterial>
            <RelatedProduct>
                <ProductRelationCode><![CDATA[13]]></ProductRelationCode>
                <ProductIdentifier>
                    <ProductIDType><![CDATA[15]]></ProductIDType>
                    <IDValue><![CDATA[9789492766526]]></IDValue>
                </ProductIdentifier>
            </RelatedProduct>
        </RelatedMaterial>
        <ProductSupply>
            <SupplyDetail>
                <Supplier>
                    <SupplierRole></SupplierRole>
                    <SupplierName></SupplierName>
                </Supplier>
                <ProductAvailability></ProductAvailability>
                <Price>
                    <PriceType><![CDATA[01]]></PriceType>
                    <PriceAmount><![CDATA[25.23]]></PriceAmount>
                    <CurrencyCode><![CDATA[EUR]]></CurrencyCode>
                </Price>
            </SupplyDetail>
        </ProductSupply>
    </Product>
</ONIXMessage>
