<?xml version="1.0" encoding="UTF-8" standalone="yes"?>
<ONIXMessage xmlns="http://ns.editeur.org/onix/3.0/reference" xmlns:xsi="http://www.w3.org/2001/XMLSchema-instance" xsi:schemaLocation="http://ns.editeur.org/onix/3.0/reference ONIX_BookProduct_3.0_reference.xsd">
    <Header>
        <Sender>
            <SenderName></SenderName>
        </Sender>
        <SentDateTime></SentDateTime>
        <DefaultPriceType></DefaultPriceType>
        <DefaultCurrencyCode></DefaultCurrencyCode>
    </Header>
    <Product>
        <RecordReference></RecordReference>
        <NotificationType></NotificationType>
        <ProductIdentifier>
            <ProductIDType></ProductIDType>
            <IDValue></IDValue>
        </ProductIdentifier>
        <DescriptiveDetail>
            <ProductComposition></ProductComposition>
            <ProductForm></ProductForm>
            <Collection>
                <CollectionType><![CDATA[10]]></CollectionType>
                <TitleDetail>
                    <TitleType></TitleType>
                    <TitleElement>
                        <TitleElementLevel></TitleElementLevel>
                        <PartNumber></PartNumber>
                        <TitleText><![CDATA[Ars Aequi Cahier Privaatrecht]]></TitleText>
                    </TitleElement>
                </TitleDetail>
            </Collection>
            <TitleDetail>
                <TitleType></TitleType>
                <TitleElement>
                    <TitleElementLevel></TitleElementLevel>
                    <TitleText><![CDATA[Uitleg van schriftelijke contracten]]></TitleText>
                    <Subtitle></Subtitle>
                </TitleElement>
            </TitleDetail>
            <Contributor>
                <SequenceNumber><![CDATA[1]]></SequenceNumber>
                <ContributorRole><![CDATA[A01]]></ContributorRole>
                <PersonName><![CDATA[R.P.J.L. Tjittes  ]]></PersonName>
            </Contributor>
            <EditionNumber><![CDATA[1]]></EditionNumber>
            <Extent>
                <ExtentType></ExtentType>
                <ExtentValue></ExtentValue>
                <ExtentUnit></ExtentUnit>
            </Extent>
            <Subject>
                <SubjectSchemeIdentifier><![CDATA[23]]></SubjectSchemeIdentifier>
                <SubjectCode></SubjectCode>
                <SubjectHeadingText></SubjectHeadingText>
            </Subject>
        </DescriptiveDetail>
        <CollateralDetail>
            <TextContent>
                <TextType><![CDATA[03]]></TextType>
                <ContentAudience></ContentAudience>
                <Text textformat="02">In het rechtsverkeer nemen contracten een prominente plaats in. In de praktijk is de uitleg van contracten een zeer belangrijk leerstuk om te bepalen waarop een schuldeiser recht heeft en waartoe een schuldenaar zich heeft verplicht. De Hoge Raad heeft de afgelopen tijd vele richtinggevende arresten gewezen op het terrein van de uitleg van contracten, waaronder de arresten DSM/Fox (2004) en Meyer Europe/PontMeyer (2007).  In dit Ars Aequi Privaatrecht cahier wordt ten eerste de uitleg van schriftelijke contracten naar Nederlands recht besproken. Aan de orde komen de Haviltexmaatstaf en de gezichtspunten die in dat kader een rol spelen (zoals de bewoordingen van het contract, context, onderhandelingen, uitvoering, professionaliteit en deskundige bijstand), de ontwikkeling van de cao-norm en de aandacht voor de objectieve uitleg volgens de Haviltex-norm (om processuele redenen of op grond van de aard van de overeenkomst). Daarnaast wordt ingegaan op de procesrechtelijke aspecten van uitleg, zoals vragen van bewijsrecht (dwingend bewijs van een akte, partijgetuigen en het verschoningsrecht van juridisch adviseurs die bij de totstandkoming waren betrokken) en procesrechtelijke grenzen aan de vrijheid van de rechter om zelfstandig een contract uit te leggen.  Een tweede thema van deze monografie is de uitleg van overeenkomsten jegens derden op grond van de cao-norm, de objectieve Haviltexmaatstaf, art. 3:36 BW of de subjectieve Haviltexmaatstaf.  Het derde thema van de monografie ziet op de uitleg van overeenkomsten in internationaal perspectief. Besproken wordt de uitleg naar Frans/Belgisch recht, Duits recht, Anglo-Amerikaans recht en internationale regelingen (zoals de UNIDROIT Principles, de Principles of European Contract Law en de Draft Common Frame of Reference). Bijzondere aandacht wordt besteed aan de ontwikkeling in het Engelse uitlegrecht, dat zich beweegt van een tekstuele uitleg naar een contextuele uitleg. Tevens wordt ingegaan op de praktijkvraag hoe Engelstalige contractsbedingen, of contractsbedingen met een Anglo-Amerikaanse achtergrond (zoals warranties, time is of the essence, direct/indirect damages), naar Nederlands recht moeten worden uitgelegd.  Het vierde en laatste thema van deze monografie betreft de mogelijkheid van partijen om de uitleg van overeenkomsten zelf contractueel vorm te geven. Besproken worden onder meer definitiebepalingen, kwalificatiebepalingen, de entire agreement clause en de no oral modification clause.</Text>
            </TextContent>
        </CollateralDetail>
        <PublishingDetail>
            <Publisher>
                <PublishingRole><![CDATA[01]]></PublishingRole>
                <PublisherName><![CDATA[Ars Aequi]]></PublisherName>
            </Publisher>
            <CityOfPublication></CityOfPublication>
            <PublishingStatus><![CDATA[04]]></PublishingStatus>
            <PublishingDate>
                <PublishingDateRole><![CDATA[01]]></PublishingDateRole>
                <Date dateformat="00"><![CDATA[16-04-2009]]></Date>
            </PublishingDate>
            <PublishingDate>
                <PublishingDateRole><![CDATA[01]]></PublishingDateRole>
                <Date dateformat="05"><![CDATA[2009]]></Date>
            </PublishingDate>
        </PublishingDetail>
        <RelatedMaterial>
            <RelatedProduct>
                <ProductRelationCode><![CDATA[13]]></ProductRelationCode>
                <ProductIdentifier>
                    <ProductIDType><![CDATA[15]]></ProductIDType>
                    <IDValue><![CDATA[9789069167138]]></IDValue>
                </ProductIdentifier>
            </RelatedProduct>
        </RelatedMaterial>
        <ProductSupply>
            <SupplyDetail>
                <Supplier>
                    <SupplierRole></SupplierRole>
                    <SupplierName></SupplierName>
                </Supplier>
                <ProductAvailability></ProductAvailability>
                <Price>
                    <PriceType><![CDATA[01]]></PriceType>
                    <PriceAmount><![CDATA[20.64]]></PriceAmount>
                    <CurrencyCode><![CDATA[EUR]]></CurrencyCode>
                </Price>
            </SupplyDetail>
        </ProductSupply>
    </Product>
</ONIXMessage>
