ISBNFolioBk,
9789462511699,
9789490962876,
9789462510500,
9789462510616,
9789462510609,
9789462510449,
9789462510777,
9789462510678,
9789462510661,
9789462510401,
9789462510692,
9789462510685,
9789462510739,
9789462510746,
9789462510760,
9789462510807,
9789462510852,
9789462510876,
9789462510869,
9789462510937,
9789462510913,
9789462510784,
9789462510920,
9789462510968,
9789462510890,
9789462510883,
9789462510982,
9789462510845,
9789462510906,
9789462510999,
9789462510975,
9789462511019,
9789462510951,
9789462511057,
9789462511033,
9789462511040,
9789462511064,
9789462511101,
9789462511071,
9789462511088,
9789462511132,
9789462511125,
9789462511170,
9789462511156,
9789462511194,
9789462511217,
9789462511200,
9789462511224,
9789462511163,
9789462511187,
9789462511187,
9789462511231,
9789462511248,
9789462511279,
9789462511255,
9789462511316,
9789462511309,
9789462511330,
9789462511323,
9789462511385,
9789462511378,
9789462511392,
9789462511408,
9789462511446,
9789462511439,
9789462511422,
9789462511453,
9789462511484,
9789462511477,
9789462511460,
9789462511415,
9789462511521,
9789462511538,
9789462511507,
9789462511545,
9789462511514,
9789462511552,
9789462511569,
9789462511491,
9789462511576,
9789462511590,
9789462511583,
9789462511637,
9789462511620,
9789462511675,
9789462511668,
9789462511651,
9789462511705,
9789462511743,
9789462511750,
9789462511644,
9789462511736,
9789462511767,
9789462511811,
9789462511781,
9789462511774,
9789462511729,
9789462511828,
9789462511866,
9789462511903,
9789462511859,
9789462511873,
9789462511897,
9789462511880,
9789462511910,
9789462511941,
9789462511934,
9789462511927,
9789462511958,
9789462511972,
9789462511965,
9789462511996,
9789462512009,
9789462512016,
9789462512023,
9789462512047,
9789462512061,
9789462512078,
9789462512054,
9789462512030,
9789462512092,
9789462512115,
9789462512122,
9789462512085,
9789462512139,
9789462512153,
9789462512108,
9789462512146,
9789462512252,
9789462512283,
9789462512306,
9789462512313,
9789462512245,
9789462512290,
9789462512276,
9789462512160,
9789462512320,
9789462512375,
9789462512399,
9789462512368,
9789462512467,
9789462512412,
